diseaseName,diseaseClass,diseaseType,diseaseTreatment
1,GTP cyclohydrolase deficiency,Хронические,Грибковое,Оперативное
2,Trichodental syndrome,Инфекционные,Грибковое,Медикаментозное
3,Congenital syphilis,Острые,Грибковое,Оперативное
4,Boomerang dysplasia,Хронические,Вирусное,Оперативное
5,"Diplopia, monocular",Хронические,Грибковое,Медикаментозное
6,Appendicitis,Острые,Вирусное,Медикаментозное
7,Orofaciodigital syndrome Gabri,Инфекционные,Грибковое,Медикаментозное
8,Bathophobia,Острые,Грибковое,Медикаментозное
9,Mer–Mes,Хронические,Бактериальное,Физиотерапия
10,Dementia progressive lipomembr,Инфекционные,Вирусное,Медикаментозное
11,Lactic acidosis congenital inf,Острые,Бактериальное,Физиотерапия
12,Anorectal anomalies,Острые,Вирусное,Медикаментозное
13,"Gastritis, familial giant hype",Острые,Вирусное,Физиотерапия
14,Obstructive asymmetric septal ,Инфекционные,Бактериальное,Физиотерапия
15,Meningocele,Острые,Вирусное,Оперативное
16,Colavita–Kozlowski syndrome,Хронические,Вирусное,Оперативное
17,9.2.1Hyda–Hyde,Острые,Бактериальное,Оперативное
18,"Spondylometaphyseal dysplasia,",Инфекционные,Вирусное,Медикаментозное
19,3NeToggle Ne subsection3.1Nec–,Острые,Грибковое,Физиотерапия
20,Delayed sleep phase syndrome,Острые,Вирусное,Оперативное
21,Opioid-induced hyperalgesia,Хронические,Бактериальное,Физиотерапия
22,Glomerulonephritis,Острые,Грибковое,Оперативное
23,Leber optic atrophy,Инфекционные,Вирусное,Медикаментозное
24,Plasminogen activator inhibito,Острые,Вирусное,Оперативное
25,ACTH deficiency,Хронические,Бактериальное,Медикаментозное
26,Willems–De vries syndrome,Острые,Грибковое,Медикаментозное
27,"Emphysema, congenital lobar",Хронические,Грибковое,Медикаментозное
28,Urinary calculi,Острые,Грибковое,Оперативное
29,Pellagrophobia,Инфекционные,Вирусное,Физиотерапия
30,Encephalocele frontal,Хронические,Грибковое,Физиотерапия
31,Alcohol dependence,Инфекционные,Вирусное,Оперативное
32,8.2.1Oste8.2.1.1Ostei8.2.1.2Os,Хронические,Грибковое,Физиотерапия
33,Yellow nail syndrome,Инфекционные,Грибковое,Оперативное
34,Tibial aplasia ectrodactyly hy,Хронические,Грибковое,Медикаментозное
35,Lowe–Kohn–Cohen syndrome,Хронические,Бактериальное,Физиотерапия
36,Hypomandibular faciocranial dy,Хронические,Грибковое,Медикаментозное
37,Schwartz–lelek syndrome,Острые,Грибковое,Физиотерапия
38,Aplasia,Хронические,Бактериальное,Оперативное
39,Segmental vertebral anomalies,Хронические,Грибковое,Оперативное
40,Potter sequence cleft cardiopa,Инфекционные,Бактериальное,Физиотерапия
41,Leukodystrophy,Острые,Грибковое,Медикаментозное
42,Cataract aberrant oral frenula,Острые,Бактериальное,Физиотерапия
43,"Hypercalcemia, familial benign",Острые,Бактериальное,Физиотерапия
44,Cyclothymia,Хронические,Бактериальное,Физиотерапия
45,Osteomalacia,Инфекционные,Бактериальное,Медикаментозное
46,"Osteopetrosis, (generic term)",Инфекционные,Вирусное,Медикаментозное
47,Pterygia mental retardation fa,Инфекционные,Грибковое,Оперативное
48,Cleft palate cardiac defect ec,Инфекционные,Вирусное,Оперативное
49,3.3Thr–Thu,Инфекционные,Грибковое,Оперативное
50,Phacomatosis fourth,Острые,Грибковое,Оперативное
51,7.2.2Poly7.2.2.1Polya–Polyc7.2,Острые,Грибковое,Медикаментозное
52,Kozlowski–Ouvrier syndrome,Хронические,Бактериальное,Медикаментозное
53,Moyamoya disease,Хронические,Грибковое,Оперативное
54,Congenital arteriovenous shunt,Хронические,Бактериальное,Оперативное
55,Blepharoptosis-myopia-ectopia ,Острые,Грибковое,Оперативное
56,Craniofaciocervical osteoglyph,Инфекционные,Бактериальное,Медикаментозное
57,Cardiomyopathy cataract hip sp,Инфекционные,Вирусное,Медикаментозное
58,10Pt,Инфекционные,Вирусное,Физиотерапия
59,Landy–Donnai syndrome,Острые,Грибковое,Медикаментозное
60,Laurin–Sandrow syndrome,Хронические,Грибковое,Медикаментозное
61,CDG syndrome type 2,Хронические,Вирусное,Физиотерапия
62,Hyalinosis systemic short stat,Острые,Вирусное,Медикаментозное
63,Histapenia,Острые,Бактериальное,Оперативное
64,Chanarin–Dorfman syndrome icht,Хронические,Грибковое,Медикаментозное
65,Chr,Хронические,Вирусное,Оперативное
66,Hypoplastic thumbs hydranencep,Острые,Вирусное,Физиотерапия
67,Laryngocele,Инфекционные,Грибковое,Медикаментозное
68,Verloes–Van Maldergem–Marneffe,Инфекционные,Грибковое,Физиотерапия
69,Quebec platelet disorder,Инфекционные,Грибковое,Оперативное
70,Hypersensitivity type II,Хронические,Бактериальное,Оперативное
71,Fib–Fil,Острые,Вирусное,Физиотерапия
72,Polymicrogyria turricephaly hy,Хронические,Вирусное,Физиотерапия
73,Pseudopolycythaemia,Инфекционные,Бактериальное,Физиотерапия
74,"Retinoschisis, juvenile",Хронические,Бактериальное,Физиотерапия
75,Werdnig–Hoffmann disease,Инфекционные,Бактериальное,Медикаментозное
76,Herpes zoster,Инфекционные,Бактериальное,Оперативное
77,12Py,Инфекционные,Грибковое,Медикаментозное
78,"Respiratory distress syndrome,",Хронические,Бактериальное,Физиотерапия
79,"Chromosome 1, monosomy 1q32 q4",Инфекционные,Грибковое,Медикаментозное
80,Vaginismus,Инфекционные,Вирусное,Медикаментозное
81,Spatic paraparesis vitiligo pr,Острые,Вирусное,Оперативное
82,Syno–Synp,Инфекционные,Бактериальное,Оперативное
83,6Fo,Инфекционные,Грибковое,Медикаментозное
84,Kaler–Garrity–Stern syndrome,Хронические,Вирусное,Медикаментозное
85,Ape–App,Хронические,Бактериальное,Оперативное
86,Cerebellar parenchymal degener,Инфекционные,Бактериальное,Физиотерапия
87,Proximal myotonic dystrophy,Острые,Грибковое,Медикаментозное
88,Frontonasal dysplasia,Инфекционные,Грибковое,Медикаментозное
89,C,Хронические,Бактериальное,Оперативное
90,HEC syndrome,Хронические,Бактериальное,Оперативное
91,Florid cystic endosalpingiosis,Острые,Бактериальное,Оперативное
92,Microcephaly with chorioretino,Инфекционные,Бактериальное,Физиотерапия
93,Broad beta disease,Острые,Бактериальное,Медикаментозное
94,Mental retardation myopathy sh,Острые,Вирусное,Физиотерапия
95,Microcephaly hiatus hernia nep,Острые,Грибковое,Оперативное
96,Homocarnosinase deficiency,Инфекционные,Бактериальное,Оперативное
97,Hepatic encephalopathy,Хронические,Грибковое,Оперативное
98,"Renal tubular acidosis, distal",Острые,Грибковое,Медикаментозное
99,Ara–Aro,Острые,Бактериальное,Медикаментозное
100,Diarrhea polyendocrinopathy in,Инфекционные,Грибковое,Медикаментозное
101,Mediastinal syndrome,Острые,Вирусное,Медикаментозное
102,"X chromosome, trisomy Xp3",Инфекционные,Грибковое,Медикаментозное
103,Tracheal agenesis,Инфекционные,Бактериальное,Медикаментозное
104,Christmas disease,Хронические,Бактериальное,Физиотерапия
105,Contact us,Хронические,Грибковое,Физиотерапия
106,Crigler–Najjar syndrome,Острые,Бактериальное,Физиотерапия
107,"Thrombomodulin anomalies, fami",Инфекционные,Грибковое,Медикаментозное
108,Post-partum depression,Хронические,Грибковое,Физиотерапия
109,"PEPCK deficiency, mitochondria",Инфекционные,Бактериальное,Физиотерапия
110,Cole carpenter syndrome,Острые,Грибковое,Медикаментозное
111,Histidinuria renal tubular def,Хронические,Грибковое,Физиотерапия
112,Polyneuritis,Хронические,Вирусное,Физиотерапия
113,Motor neuropathy,Хронические,Вирусное,Оперативное
114,GTP cyclohydrolase deficiency,Инфекционные,Бактериальное,Оперативное
115,Cervical cancer,Хронические,Бактериальное,Физиотерапия
116,Simosa–Penchaszadeh–Bustos syn,Хронические,Грибковое,Оперативное
117,Pulmonary hypoplasia familial ,Хронические,Грибковое,Медикаментозное
118,3Ju,Хронические,Бактериальное,Оперативное
119,Keratoacanthoma,Хронические,Вирусное,Оперативное
120,Agyria pachygyria polymicrogyr,Хронические,Бактериальное,Оперативное
121,Lymphoma,Хронические,Вирусное,Оперативное
122,Mesomelia,Инфекционные,Бактериальное,Оперативное
123,"Chromosome 2, monosomy 2p22",Хронические,Бактериальное,Физиотерапия
124,Radio-ulnar synostosis type 1,Хронические,Вирусное,Оперативное
125,Bright's disease,Хронические,Вирусное,Физиотерапия
126,Bronchiolotis obliterans organ,Хронические,Бактериальное,Оперативное
127,Juvenile hyaline fibromatosis,Хронические,Грибковое,Оперативное
128,Blue diaper syndrome,Хронические,Грибковое,Оперативное
129,Jeune syndrome situs inversus,Инфекционные,Бактериальное,Физиотерапия
130,Pediatric T-cell leukemia,Инфекционные,Бактериальное,Медикаментозное
131,"Chromosome 10, trisomy 10p",Острые,Бактериальное,Оперативное
132,Anonychia,Инфекционные,Вирусное,Медикаментозное
133,Trichoodontoonychial dysplasia,Острые,Грибковое,Оперативное
134,Varicella zoster,Хронические,Бактериальное,Физиотерапия
135,Parathyroid neoplasm,Острые,Бактериальное,Медикаментозное
136,Myoclonic epilepsy,Острые,Грибковое,Физиотерапия
137,"Bartter syndrome, antenatal fo",Острые,Грибковое,Медикаментозное
138,Chediak–Higashi syndrome,Инфекционные,Грибковое,Медикаментозное
139,Insulin-resistant acanthosis n,Хронические,Грибковое,Медикаментозное
140,Palmer–Pagon syndrome,Хронические,Вирусное,Медикаментозное
141,ADAM complex,Инфекционные,Бактериальное,Оперативное
142,Neuropathy ataxia and retinis ,Хронические,Грибковое,Физиотерапия
143,Myhre–Ruvalcaba–Graham syndrom,Инфекционные,Грибковое,Оперативное
144,LCHAD deficiency,Острые,Вирусное,Медикаментозное
145,Synovitis acne pustulosis hype,Инфекционные,Вирусное,Оперативное
146,Zadik–Barak–Levin syndrome,Хронические,Грибковое,Физиотерапия
147,ABCD syndrome,Хронические,Бактериальное,Оперативное
148,German syndrome,Хронические,Бактериальное,Оперативное
149,Sci–Scl,Острые,Бактериальное,Физиотерапия
150,Pontoneocerebellar Hypoplasia,Острые,Бактериальное,Медикаментозное
151,Myoglobinuria,Инфекционные,Грибковое,Медикаментозное
152,Perilymphatic fistula,Острые,Бактериальное,Медикаментозное
153,Facial cleft,Хронические,Вирусное,Медикаментозное
154,Freire–Maia odontotrichomelic ,Хронические,Грибковое,Оперативное
155,"Nuchal bleb, familial",Острые,Бактериальное,Физиотерапия
156,"Chromosome 1, monosomy 1p32",Острые,Грибковое,Оперативное
157,Craniofaciocervical osteoglyph,Острые,Вирусное,Физиотерапия
158,5.5.2Chro5.5.2.1Chrom5.5.2.1.1,Хронические,Вирусное,Медикаментозное
159,Meningomyelocele,Хронические,Грибковое,Физиотерапия
160,2.3Ecz,Острые,Бактериальное,Оперативное
161,Schereshevskij Turner,Хронические,Вирусное,Оперативное
162,Chromosome 17 ring,Острые,Вирусное,Физиотерапия
163,Rheumatoid vasculitis,Хронические,Вирусное,Оперативное
164,Nasodigitoacoustic syndrome,Хронические,Грибковое,Оперативное
165,Cerebro oculo dento auriculo s,Острые,Грибковое,Медикаментозное
166,"Polycystic kidney disease, inf",Острые,Грибковое,Оперативное
167,This page was last edited on 1,Хронические,Бактериальное,Физиотерапия
168,Swyer–James–McLeod syndrome,Острые,Бактериальное,Физиотерапия
169,Mesomelic dwarfism cleft palat,Хронические,Вирусное,Оперативное
170,Acropectorenal field defect,Инфекционные,Вирусное,Медикаментозное
171,Fabry's disease,Хронические,Бактериальное,Медикаментозное
172,Ectodermal dysplasia neurosens,Хронические,Бактериальное,Физиотерапия
173,9Ao,Инфекционные,Вирусное,Физиотерапия
174,Code of Conduct,Инфекционные,Вирусное,Физиотерапия
175,Oto-palato-digital syndrometyp,Острые,Грибковое,Оперативное
176,Alagille–Watson syndrome (AWS),Острые,Бактериальное,Медикаментозное
177,Potassium deficiency (hypokale,Хронические,Бактериальное,Оперативное
178,11.2Pul11.2.1Pulm11.2.1.1Pulmo,Острые,Бактериальное,Оперативное
179,Upshaw–Schülman syndrome,Хронические,Грибковое,Медикаментозное
180,Lymphedema,Хронические,Бактериальное,Оперативное
181,Facial femoral syndrome,Острые,Бактериальное,Оперативное
182,Hyperimmunoglobulinemia D with,Хронические,Вирусное,Медикаментозное
183,Mum–Mut,Инфекционные,Грибковое,Физиотерапия
184,Homocystinuria due to defect i,Инфекционные,Бактериальное,Медикаментозное
185,2.5.1.2Acute2.5.1.2.1Acute a –,Острые,Бактериальное,Медикаментозное
186,Acquired hypoprothrombinemia,Острые,Вирусное,Оперативное
187,Cardiac and laterality defects,Инфекционные,Вирусное,Медикаментозное
188,Sciatica,Хронические,Грибковое,Физиотерапия
189,Mental mixed retardation deafn,Острые,Грибковое,Физиотерапия
190,Dk phocomelia syndrome,Острые,Грибковое,Медикаментозное
191,End–Ent,Хронические,Бактериальное,Физиотерапия
192,Ectopia lentis,Хронические,Вирусное,Медикаментозное
193,Placenta neoplasm,Хронические,Вирусное,Оперативное
194,U,Инфекционные,Грибковое,Медикаментозное
195,Myelocerebellar disorder,Хронические,Бактериальное,Оперативное
196,Hea–Hei,Инфекционные,Вирусное,Медикаментозное
197,Conduct disorder,Инфекционные,Грибковое,Медикаментозное
198,Lenz–Majewski hyperostotic dwa,Инфекционные,Грибковое,Медикаментозное
199,Rudiger syndrome,Инфекционные,Бактериальное,Физиотерапия
200,Arthrogryposis ectodermal dysp,Хронические,Вирусное,Оперативное
201,Camptodactyly syndrome Guadala,Инфекционные,Бактериальное,Физиотерапия
202,Bradykinesia,Хронические,Вирусное,Оперативное
203,VKH,Хронические,Грибковое,Оперативное
204,Collins–Pope syndrome,Хронические,Грибковое,Оперативное
205,This page was last edited on 2,Инфекционные,Грибковое,Оперативное
206,Cystic adenomatoid malformatio,Острые,Вирусное,Оперативное
207,"Hemiplegic migraine, familial",Инфекционные,Вирусное,Физиотерапия
208,Shwachman syndrome,Хронические,Грибковое,Медикаментозное
209,Limb deficiencies distal micro,Хронические,Бактериальное,Медикаментозное
210,Bradykinesia,Инфекционные,Бактериальное,Медикаментозное
211,Leukoplakia,Инфекционные,Грибковое,Физиотерапия
212,Acrofacial dysostosis Preis ty,Инфекционные,Вирусное,Физиотерапия
213,"Chromosome 9, duplication 9q21",Инфекционные,Бактериальное,Медикаментозное
214,Bork–Stender–Schmidt syndrome,Хронические,Бактериальное,Медикаментозное
215,Heckenlively syndrome,Инфекционные,Грибковое,Физиотерапия
216,Papilloma of choroid plexus,Хронические,Вирусное,Физиотерапия
217,Bilateral renal agenesis,Инфекционные,Вирусное,Оперативное
218,Syncopal paroxysmal tachycardi,Острые,Вирусное,Физиотерапия
219,Glucose 6 phosphate dehydrogen,Хронические,Бактериальное,Физиотерапия
220,Megalencephaly-cystic leukodys,Инфекционные,Бактериальное,Медикаментозное
221,Uveal diseases,Инфекционные,Грибковое,Оперативное
222,Fro–Fru,Инфекционные,Вирусное,Оперативное
223,Adult-onset Still's disease,Инфекционные,Грибковое,Медикаментозное
224,Lymphedema,Острые,Грибковое,Физиотерапия
225,Dandy–Walker malformation with,Инфекционные,Грибковое,Оперативное
226,Charcot–Marie–Tooth disease ty,Острые,Бактериальное,Физиотерапия
227,Pterygia mental retardation fa,Инфекционные,Вирусное,Медикаментозное
228,Glycogen storage disease type ,Острые,Грибковое,Медикаментозное
229,"Contact dermatitis, allergic",Острые,Грибковое,Оперативное
230,Paraplegia-mental retardation-,Инфекционные,Вирусное,Медикаментозное
231,Pulmonary artery familial dila,Острые,Грибковое,Оперативное
232,Clubfoot,Хронические,Грибковое,Медикаментозное
233,Wilkie–Taylor–Scambler syndrom,Инфекционные,Вирусное,Физиотерапия
234,Mondor's disease,Хронические,Бактериальное,Медикаментозное
235,Becker disease,Инфекционные,Бактериальное,Физиотерапия
236,Tinnitus,Инфекционные,Вирусное,Физиотерапия
237,Arr–Ars,Острые,Грибковое,Оперативное
238,Chronic demyelinizing neuropat,Острые,Вирусное,Оперативное
239,Dysmorphism abnormal vocalizat,Инфекционные,Грибковое,Физиотерапия
240,Avian Flu,Хронические,Грибковое,Оперативное
241,This page was last edited on 1,Инфекционные,Вирусное,Оперативное
242,Acute myelocytic leukemia,Хронические,Бактериальное,Медикаментозное
243,Thrombocytosis,Острые,Вирусное,Медикаментозное
244,Bassoe syndrome,Хронические,Вирусное,Физиотерапия
245,Blount's disease,Острые,Вирусное,Физиотерапия
246,Helmerhorst–Heaton–Crossen syn,Инфекционные,Бактериальное,Оперативное
247,Ornithine aminotransferase def,Острые,Бактериальное,Физиотерапия
248,Escherichia coliinfection,Хронические,Грибковое,Оперативное
249,CDG syndrome type 1B,Инфекционные,Бактериальное,Оперативное
250,Pol,Хронические,Вирусное,Физиотерапия
251,Stoll–Kieny–Dott syndrome,Инфекционные,Бактериальное,Физиотерапия
252,Canavan leukodystrophy,Острые,Вирусное,Оперативное
253,3.4.2.1.1Mental,Острые,Бактериальное,Медикаментозное
254,"Glaucoma, hereditary juvenile ",Острые,Вирусное,Физиотерапия
255,Phosphoglucomutase deficiency,Острые,Грибковое,Оперативное
256,Dyssegmental dysplasia glaucom,Острые,Грибковое,Оперативное
257,Short limb dwarf lethal Colavi,Хронические,Вирусное,Медикаментозное
258,High scapula,Хронические,Вирусное,Медикаментозное
259,Craniodigital syndrome mental ,Хронические,Бактериальное,Медикаментозное
260,Warburton–Anyane–Yeboa syndrom,Инфекционные,Вирусное,Физиотерапия
261,Intercellular cholesterol este,Хронические,Грибковое,Физиотерапия
262,Epithelial-myoepithelial carci,Инфекционные,Грибковое,Медикаментозное
263,C1 esterase deficiency (angioe,Острые,Бактериальное,Физиотерапия
264,Costello syndrome,Инфекционные,Грибковое,Физиотерапия
265,Morphea scleroderma,Острые,Бактериальное,Оперативное
266,Infectious myocarditis,Острые,Бактериальное,Оперативное
267,Hypothermia,Хронические,Вирусное,Медикаментозное
268,Endocarditis,Острые,Грибковое,Оперативное
269,Optic atrophy,Хронические,Грибковое,Физиотерапия
270,Axial spondyloarthritis,Хронические,Вирусное,Физиотерапия
271,Duplication of urethra,Острые,Грибковое,Оперативное
272,Coats disease,Хронические,Грибковое,Оперативное
273,Nasodigitoacoustic syndrome,Хронические,Бактериальное,Оперативное
274,Michels Caskey syndrome,Острые,Бактериальное,Физиотерапия
275,Paget's disease of the breast,Острые,Грибковое,Оперативное
276,Shapiro syndrome,Хронические,Вирусное,Оперативное
277,"Anti-plasmin deficiency, conge",Острые,Бактериальное,Медикаментозное
278,Retinitis pigmentosa-deafness,Инфекционные,Бактериальное,Оперативное
279,Oculo facio cardio dental synd,Острые,Вирусное,Физиотерапия
280,Chronic inflammatory demyelina,Хронические,Бактериальное,Оперативное
281,Infantile recurrent chronic mu,Острые,Грибковое,Физиотерапия
282,Congenital alopecia X linked,Инфекционные,Вирусное,Оперативное
283,Pseudo-Gaucher disease,Хронические,Вирусное,Физиотерапия
284,Hypoaldosteronism,Хронические,Бактериальное,Оперативное
285,TNF receptor associated period,Хронические,Бактериальное,Оперативное
286,Landouzy–Dejerine muscular dys,Хронические,Вирусное,Физиотерапия
287,9.5.2.1.1Congen,Инфекционные,Бактериальное,Медикаментозное
288,Delayed sleep phase syndrome,Хронические,Вирусное,Медикаментозное
289,Oculo-dento-digital syndrome,Острые,Вирусное,Оперативное
290,What links here,Острые,Вирусное,Оперативное
291,Asplenia,Хронические,Бактериальное,Медикаментозное
292,Hoyeraal–Hreidarsson syndrome,Хронические,Бактериальное,Физиотерапия
293,Smith–Lemli–Opitz syndrome,Острые,Бактериальное,Физиотерапия
294,Neonatal ovarian cyst,Острые,Бактериальное,Физиотерапия
295,Talipes equinovarus,Острые,Грибковое,Оперативное
296,Bacterial vaginosis,Хронические,Бактериальное,Оперативное
297,This page was last edited on 1,Инфекционные,Вирусное,Медикаментозное
298,Ethylmalonic adipic aciduria,Инфекционные,Вирусное,Медикаментозное
299,Axial osteosclerosis,Острые,Грибковое,Оперативное
300,Cardiomelic syndrome Stratton ,Инфекционные,Вирусное,Медикаментозное
301,Muscular dystrophy limb-girdle,Инфекционные,Вирусное,Физиотерапия
302,Ciliary dyskinesia-bronchiecta,Острые,Вирусное,Оперативное
303,Tongue neoplasm,Хронические,Грибковое,Медикаментозное
304,Freiberg's disease,Хронические,Вирусное,Медикаментозное
305,Osteogenic sarcoma,Хронические,Грибковое,Физиотерапия
306,Short rib-polydactyly syndrome,Острые,Бактериальное,Оперативное
307,Pyelonephritis,Острые,Бактериальное,Медикаментозное
308,Anorexia nervosa binge-purge t,Острые,Бактериальное,Оперативное
309,Anaplasmosis,Хронические,Грибковое,Медикаментозное
310,Abdominal defects,Острые,Бактериальное,Физиотерапия
311,"Epidermolysis bullosa, pretibi",Острые,Бактериальное,Оперативное
312,Ena–Enc,Острые,Бактериальное,Оперативное
313,Premenstrual dysphoric disorde,Хронические,Грибковое,Физиотерапия
314,Chaotic atrial tachycardia,Острые,Вирусное,Физиотерапия
315,Felty's syndrome,Хронические,Вирусное,Медикаментозное
316,Caffey disease,Острые,Грибковое,Медикаментозное
317,Choroid plexus neoplasms,Хронические,Грибковое,Медикаментозное
318,"Distal myopathy, Nonaka type",Хронические,Бактериальное,Медикаментозное
319,Chinese restaurant syndrome,Острые,Вирусное,Оперативное
320,1Ja–Je,Острые,Грибковое,Оперативное
321,Arteritis,Острые,Вирусное,Медикаментозное
322,Sternal malformation vascular ,Хронические,Грибковое,Медикаментозное
323,Anophthalmia megalocornea card,Инфекционные,Бактериальное,Физиотерапия
324,Bixler–Christian–Gorlin syndro,Инфекционные,Вирусное,Оперативное
325,"Bardet–Biedl syndrome, type 3",Хронические,Грибковое,Медикаментозное
326,Cogan syndrome,Острые,Бактериальное,Физиотерапия
327,"Immotile cilia syndrome, due t",Инфекционные,Вирусное,Физиотерапия
328,Thin ribs tubular bones dysmor,Острые,Грибковое,Медикаментозное
329,Hypoplasia of the tibia with p,Острые,Грибковое,Оперативное
330,Desmoplastic small round cell ,Инфекционные,Грибковое,Оперативное
331,Pelvic shoulder dysplasia,Хронические,Грибковое,Физиотерапия
332,Osteosclerosis,Острые,Грибковое,Оперативное
333,Encephalomyelitis,Инфекционные,Вирусное,Медикаментозное
334,Cutis verticis gyrata thyroid ,Хронические,Грибковое,Медикаментозное
335,Steroid dehydrogenase deficien,Острые,Вирусное,Медикаментозное
336,Spinocerebellar ataxia(multipl,Инфекционные,Вирусное,Физиотерапия
337,T-Lymphocytopenia,Хронические,Бактериальное,Медикаментозное
338,Depression (clinical),Острые,Вирусное,Физиотерапия
339,Fountain syndrome,Хронические,Вирусное,Медикаментозное
340,Pulmonary artery familial dila,Острые,Грибковое,Физиотерапия
341,Factor XIII deficiency,Хронические,Бактериальное,Медикаментозное
342,Pseudoaminopterin syndrome,Хронические,Бактериальное,Физиотерапия
343,8.1Bod–Boo,Хронические,Бактериальное,Физиотерапия
344,Metaphyseal anadysplasia,Инфекционные,Грибковое,Физиотерапия
345,Carpotarsal osteochondromatosi,Острые,Вирусное,Медикаментозное
346,Macrophagic myofasciitis,Хронические,Бактериальное,Медикаментозное
347,1.3Lar–Lat,Инфекционные,Бактериальное,Медикаментозное
348,Trichodental syndrome,Хронические,Вирусное,Медикаментозное
349,Carpenter syndrome,Острые,Бактериальное,Оперативное
350,Criswick–Schepens syndrome,Хронические,Бактериальное,Физиотерапия
351,Familial polyposis,Острые,Грибковое,Оперативное
352,Fissured tongue,Хронические,Вирусное,Физиотерапия
353,Myositis,Хронические,Бактериальное,Медикаментозное
354,Carpal deformity migrognathia ,Хронические,Бактериальное,Физиотерапия
355,3.3Mel–Mem,Хронические,Грибковое,Физиотерапия
356,Mucosulfatidosis,Инфекционные,Бактериальное,Медикаментозное
357,Aortic arches defect,Хронические,Грибковое,Медикаментозное
358,Alopecia hypogonadism extrapyr,Острые,Вирусное,Медикаментозное
359,Yersinia entercoliticainfectio,Острые,Бактериальное,Оперативное
360,"Glycogenosis, type 0",Инфекционные,Вирусное,Оперативное
361,Scimitar syndrome,Инфекционные,Бактериальное,Физиотерапия
362,Keratoconus,Инфекционные,Вирусное,Оперативное
363,Cardiomyopathy:Arrhythmogenic ,Острые,Бактериальное,Физиотерапия
364,Organic mood syndrome,Инфекционные,Бактериальное,Физиотерапия
365,Craniofacial and osseous defec,Острые,Бактериальное,Физиотерапия
366,Sprengel deformity,Инфекционные,Вирусное,Физиотерапия
367,Mental retardation short statu,Инфекционные,Грибковое,Оперативное
368,Cocaine intoxication,Инфекционные,Бактериальное,Медикаментозное
369,Laterality defects dominant,Острые,Вирусное,Медикаментозное
370,Juvenile gastrointestinal poly,Хронические,Грибковое,Медикаментозное
371,Meningoencephalocele-arthrogry,Острые,Бактериальное,Физиотерапия
372,Hyalinosis systemic short stat,Острые,Вирусное,Медикаментозное
373,Cerebelloolivary atrophy,Хронические,Вирусное,Физиотерапия
374,Helmerhorst–Heaton–Crossen syn,Инфекционные,Грибковое,Оперативное
375,Myositis ossificans progressiv,Острые,Грибковое,Медикаментозное
376,Hemophilia A,Острые,Бактериальное,Медикаментозное
377,"Usher syndrome, type 1C",Хронические,Грибковое,Медикаментозное
378,Senter syndrome,Инфекционные,Грибковое,Медикаментозное
379,Pernicious anemia,Острые,Бактериальное,Оперативное
380,9.1.2.1.1Pseudo,Хронические,Грибковое,Оперативное
381,Cataract dental syndrome,Хронические,Бактериальное,Физиотерапия
382,Ramon syndrome,Инфекционные,Бактериальное,Физиотерапия
383,Pascuel–Castroviejo syndrome,Инфекционные,Вирусное,Оперативное
384,Pagon–Stephan syndrome,Инфекционные,Грибковое,Физиотерапия
385,Möbius axonal neuropathy hypog,Острые,Грибковое,Медикаментозное
386,"Bartter syndrome, classic form",Острые,Бактериальное,Физиотерапия
387,Plasmacytoma anaplastic,Инфекционные,Вирусное,Физиотерапия
388,Craniosynostosis fibular aplas,Инфекционные,Бактериальное,Физиотерапия
389,Kaposi sarcoma,Острые,Бактериальное,Медикаментозное
390,Schwartz–Newark syndrome,Хронические,Вирусное,Медикаментозное
391,Finnish lethal neonatal metabo,Острые,Вирусное,Медикаментозное
392,Daentl Towsend Siegel syndrome,Инфекционные,Грибковое,Оперативное
393,"Precocious puberty, gonadotrop",Хронические,Грибковое,Оперативное
394,Craniosynostosis exostoses nev,Хронические,Бактериальное,Физиотерапия
395,"Anemia, Diamond–Blackfan",Острые,Вирусное,Физиотерапия
396,Möbius axonal neuropathy hypog,Острые,Вирусное,Медикаментозное
397,Hydatidiform mole,Хронические,Грибковое,Оперативное
398,1.1Bab–Bam,Острые,Грибковое,Оперативное
399,Cataract congenital autosomal ,Инфекционные,Бактериальное,Оперативное
400,Congenital mitral stenosis,Хронические,Грибковое,Медикаментозное
401,Non-24-hour sleep–wake disorde,Хронические,Бактериальное,Медикаментозное
402,Euhidrotic ectodermal dysplasi,Хронические,Вирусное,Оперативное
403,Glucagonoma,Острые,Грибковое,Оперативное
404,D-minus hemolytic uremic syndr,Хронические,Вирусное,Физиотерапия
405,Great vessels transposition,Острые,Бактериальное,Оперативное
406,"Dysfibrinogenemia, familial",Острые,Бактериальное,Медикаментозное
407,Weber–Christian disease,Хронические,Грибковое,Физиотерапия
408,Fragile X syndrome type 2,Инфекционные,Бактериальное,Оперативное
409,Ledderhose disease,Острые,Бактериальное,Оперативное
410,"Spastic paraplegia type 5B, re",Инфекционные,Грибковое,Физиотерапия
411,Esophageal duodenal atresia ab,Хронические,Бактериальное,Медикаментозное
412,Rotor syndrome,Острые,Бактериальное,Оперативное
413,5Ai–Ak,Хронические,Бактериальное,Медикаментозное
414,Lip–Lis,Острые,Вирусное,Физиотерапия
415,"Chromosome 18, trisomy 18p",Хронические,Бактериальное,Физиотерапия
416,Cleft lip palate oligodontia s,Хронические,Вирусное,Физиотерапия
417,9.4.2.1Hypoa–Hypof,Острые,Грибковое,Медикаментозное
418,10ApToggle Ap subsection10.1Ap,Острые,Бактериальное,Медикаментозное
419,Neuropathy sensory spastic par,Острые,Бактериальное,Медикаментозное
420,L-transposition and ccTGA,Инфекционные,Вирусное,Медикаментозное
421,Ichthyosis mental retardation ,Хронические,Бактериальное,Оперативное
422,Zinc toxicity,Инфекционные,Грибковое,Оперативное
423,Syncopal paroxysmal tachycardi,Инфекционные,Вирусное,Медикаментозное
424,Ald–All,Острые,Грибковое,Физиотерапия
425,Amblyopia,Хронические,Грибковое,Оперативное
426,Bronchopulmonary dysplasia,Хронические,Вирусное,Физиотерапия
427,Macrocephaly mesomelic arms ta,Инфекционные,Вирусное,Медикаментозное
428,Chromosome 17 ring,Острые,Вирусное,Физиотерапия
429,Aplasia cutis congenita domina,Хронические,Вирусное,Оперативное
430,Anophthalmia,Инфекционные,Бактериальное,Оперативное
431,Shigellosis,Хронические,Бактериальное,Медикаментозное
432,Omsk hemorrhagic fever,Инфекционные,Грибковое,Оперативное
433,Night blindness,Инфекционные,Грибковое,Физиотерапия
434,Congenital heart disease radio,Острые,Бактериальное,Оперативное
435,Buerger's disease,Инфекционные,Бактериальное,Оперативное
436,Epstein syndrome,Инфекционные,Грибковое,Оперативное
437,5.3Lit–Liv,Инфекционные,Грибковое,Оперативное
438,Arthrogryposis multiplex conge,Инфекционные,Бактериальное,Физиотерапия
439,Lymphosarcoma,Хронические,Грибковое,Оперативное
440,Placenta disorder,Инфекционные,Вирусное,Оперативное
441,Benign autosomal dominant myop,Инфекционные,Бактериальное,Физиотерапия
442,Neuhauser–Daly–Magnelli syndro,Острые,Бактериальное,Физиотерапия
443,Septooptic dysplasia digital a,Острые,Грибковое,Оперативное
444,Pfeiffer–Hirschfelder–Rott syn,Острые,Бактериальное,Медикаментозное
445,Cerebral gigantism,Хронические,Грибковое,Оперативное
446,Mental retardation arachnodact,Инфекционные,Вирусное,Физиотерапия
447,Tucker syndrome,Острые,Бактериальное,Оперативное
448,Ataxia telangiectasia variant ,Хронические,Грибковое,Физиотерапия
449,Clonal hypereosinophilia,Острые,Бактериальное,Физиотерапия
450,Ganser syndrome,Инфекционные,Вирусное,Физиотерапия
451,Microcephaly nonsyndromal,Инфекционные,Бактериальное,Физиотерапия
452,Dwarfism stiff joint ocular ab,Инфекционные,Вирусное,Физиотерапия
453,Dysraphism cleft lip palate li,Хронические,Бактериальное,Медикаментозное
454,Lupus erythematosus,Острые,Бактериальное,Физиотерапия
455,3.1Lea–Leh,Хронические,Вирусное,Физиотерапия
456,Dejerine–Sottas disease,Острые,Бактериальное,Физиотерапия
457,Strongyloidiasis,Хронические,Бактериальное,Оперативное
458,Cardiospasm,Острые,Бактериальное,Физиотерапия
459,Waardenburg type Pierpont,Хронические,Бактериальное,Медикаментозное
460,Benzodiazepine dependence,Хронические,Бактериальное,Медикаментозное
461,Lowry syndrome,Инфекционные,Бактериальное,Медикаментозное
462,Gingivitis,Острые,Бактериальное,Оперативное
463,Scott–Bryant–Graham syndrome,Инфекционные,Вирусное,Медикаментозное
464,Arthrogryposis multiplex conge,Инфекционные,Вирусное,Медикаментозное
465,Digestive duplication,Инфекционные,Грибковое,Физиотерапия
466,Microcephaly chorioretinopathy,Хронические,Бактериальное,Оперативное
467,8.1Ana–Ane,Инфекционные,Вирусное,Медикаментозное
468,"Leukodystrophy, pseudometachro",Инфекционные,Бактериальное,Медикаментозное
469,Hypertrichosis congenital gene,Хронические,Вирусное,Медикаментозное
470,Steatocystoma multiplex natal ,Хронические,Бактериальное,Медикаментозное
471,Barth syndrome,Острые,Грибковое,Оперативное
472,Dysmorphism cleft palate loose,Острые,Бактериальное,Медикаментозное
473,Tibiae bowed radial anomalies ,Инфекционные,Грибковое,Физиотерапия
474,Fry,Острые,Грибковое,Физиотерапия
475,Sleepwalking disorder,Острые,Бактериальное,Физиотерапия
476,Congenital giant megaureter,Хронические,Вирусное,Оперативное
477,Heart hand syndrome Spanish ty,Острые,Бактериальное,Физиотерапия
478,Acquired ichthyosis,Острые,Вирусное,Физиотерапия
479,Hailey–Hailey disease,Хронические,Грибковое,Медикаментозное
480,"X chromosome, trisomy Xp3",Инфекционные,Бактериальное,Медикаментозное
481,D-minus hemolytic uremic syndr,Инфекционные,Грибковое,Оперативное
482,Colver–Steer–Godman syndrome,Острые,Бактериальное,Физиотерапия
483,"Lissencephaly, isolated",Острые,Бактериальное,Оперативное
484,1.4.1Para–Pari,Хронические,Вирусное,Физиотерапия
485,Muscular dystrophy limb-girdle,Острые,Грибковое,Оперативное
486,Diaphragmatic agenesia,Инфекционные,Вирусное,Медикаментозное
487,"Protoporphyria, erythropoietic",Хронические,Грибковое,Оперативное
488,Abnormal systemic venous retur,Острые,Грибковое,Медикаментозное
489,Hairy nose tip,Острые,Вирусное,Физиотерапия
490,Ablepharon macrostomia syndrom,Хронические,Бактериальное,Медикаментозное
491,Griscelli disease,Острые,Вирусное,Медикаментозное
492,2.1Ach–Ack,Хронические,Бактериальное,Оперативное
493,Von Hippel–Lindau disease,Хронические,Вирусное,Оперативное
494,Cutaneous larva migrans,Острые,Грибковое,Физиотерапия
495,Chromosome 20 ring,Хронические,Вирусное,Оперативное
496,9.2.2Hydr,Острые,Грибковое,Медикаментозное
497,Macrodactyly of the hand,Инфекционные,Бактериальное,Медикаментозное
498,Split hand split foot malforma,Хронические,Вирусное,Медикаментозное
499,"Immotile cilia syndrome, Karta",Инфекционные,Вирусное,Физиотерапия
500,Amelia facial dysmorphism,Хронические,Бактериальное,Медикаментозное
501,Brachycephalofrontonasal dyspl,Инфекционные,Бактериальное,Оперативное
502,Blepharophimosis nasal groove ,Хронические,Грибковое,Медикаментозное
503,Stoll–Kieny–Dott syndrome,Инфекционные,Вирусное,Оперативное
504,Fox–Fordyce disease,Хронические,Вирусное,Оперативное
505,Mycobacterium avium complex in,Острые,Грибковое,Физиотерапия
506,Interstitial cystitis,Хронические,Бактериальное,Медикаментозное
507,Palindromic rheumatism,Инфекционные,Вирусное,Медикаментозное
508,Papillitisof thelingual papill,Инфекционные,Бактериальное,Медикаментозное
509,Cerebral ventricle neoplasms,Инфекционные,Бактериальное,Оперативное
510,Staphylococcal infectionStaphy,Хронические,Бактериальное,Оперативное
511,Chudley–Rozdilsky syndrome,Инфекционные,Бактериальное,Физиотерапия
512,"Dyserythropoietic anemia, cong",Острые,Вирусное,Медикаментозное
513,Neuroendocrine cancer,Хронические,Вирусное,Оперативное
514,Anophthalmia microcephaly hypo,Хронические,Вирусное,Оперативное
515,Senter syndrome,Острые,Бактериальное,Медикаментозное
516,"Pancreatic carcinoma, familial",Инфекционные,Бактериальное,Физиотерапия
517,Cataract-ataxia-deafness syndr,Острые,Бактериальное,Медикаментозное
518,"Hyperglycinemia, isolated nonk",Инфекционные,Грибковое,Физиотерапия
519,Homocystinuria due to defect i,Хронические,Бактериальное,Оперативное
520,Thomas syndrome,Инфекционные,Грибковое,Физиотерапия
521,Michels Caskey syndrome,Острые,Вирусное,Медикаментозное
522,"Chondrodysplasia, Grebe type",Инфекционные,Вирусное,Физиотерапия
523,Elejalde syndrome,Острые,Вирусное,Физиотерапия
524,Microencephaly,Инфекционные,Вирусное,Оперативное
525,Beta-galactosidase-1 deficienc,Острые,Грибковое,Физиотерапия
526,Acute tubular necrosis,Острые,Бактериальное,Медикаментозное
527,Hypogonadotropic hypogonadism-,Хронические,Бактериальное,Оперативное
528,Ectrodactyly recessive form,Хронические,Грибковое,Медикаментозное
529,Myxoma-spotty pigmentation-end,Хронические,Вирусное,Медикаментозное
530,Schimke syndrome,Хронические,Вирусное,Физиотерапия
531,Text is available under theCre,Хронические,Бактериальное,Физиотерапия
532,Meacham–Winn–Culler syndrome,Хронические,Бактериальное,Физиотерапия
533,"Interferon gamma, receptor 1, ",Острые,Вирусное,Оперативное
534,Olivopontocerebellar atrophy,Хронические,Бактериальное,Физиотерапия
535,Aplasia cutis congenita domina,Острые,Грибковое,Оперативное
536,"PEPCK deficiency, mitochondria",Хронические,Бактериальное,Оперативное
537,Mixed connective tissue diseas,Инфекционные,Бактериальное,Оперативное
538,"Chondrysplasia punctata, humer",Инфекционные,Бактериальное,Оперативное
539,IgA nephropathy,Инфекционные,Бактериальное,Физиотерапия
540,"Arthritis, juvenile",Инфекционные,Бактериальное,Оперативное
541,Heart block,Острые,Бактериальное,Медикаментозное
542,Dandy–Walker malformation with,Острые,Вирусное,Медикаментозное
543,Aortic dissection,Острые,Грибковое,Медикаментозное
544,"Cataract, congenital, with mic",Инфекционные,Бактериальное,Медикаментозное
545,Camptodactyly syndrome Guadala,Острые,Вирусное,Физиотерапия
546,Diaphragmatic hernia exomphalo,Хронические,Грибковое,Медикаментозное
547,Benign mucosal pemphigoid,Инфекционные,Грибковое,Медикаментозное
548,Alveolar echinococcosis,Острые,Бактериальное,Медикаментозное
549,BOD syndrome,Острые,Бактериальное,Оперативное
550,Lip–Lis,Инфекционные,Грибковое,Медикаментозное
551,Christian–Demyer–Franken syndr,Острые,Бактериальное,Оперативное
552,Mental retardation epilepsy bu,Инфекционные,Грибковое,Физиотерапия
553,Spinal muscular atrophy with p,Инфекционные,Бактериальное,Физиотерапия
554,Spondylo camptodactyly syndrom,Инфекционные,Грибковое,Оперативное
555,Bacterial food poisoning,Острые,Грибковое,Физиотерапия
556,Occupational asthma - isocyana,Острые,Вирусное,Оперативное
557,Angel shaped phalangoep,Острые,Бактериальное,Физиотерапия
558,Pulmonary artery familial dila,Хронические,Грибковое,Физиотерапия
559,Alcohol withdrawal syndrome,Хронические,Бактериальное,Оперативное
560,3.4.1Mend–Meno,Хронические,Грибковое,Физиотерапия
561,Phosphoglycerate kinase defici,Острые,Вирусное,Физиотерапия
562,Oculo tricho anal syndrome,Хронические,Вирусное,Медикаментозное
563,Charcot–Marie–Tooth disease ty,Хронические,Грибковое,Физиотерапия
564,"Spondylometaphyseal dysplasia,",Острые,Бактериальное,Физиотерапия
565,Spastic diplegia infantile typ,Инфекционные,Грибковое,Физиотерапия
566,Cholelithiasis,Инфекционные,Вирусное,Медикаментозное
567,"Chromosome 9, partial trisomy ",Острые,Грибковое,Физиотерапия
568,Protein R deficiency,Острые,Бактериальное,Оперативное
569,Chikungunya,Инфекционные,Грибковое,Физиотерапия
570,Peptidic growth factors defici,Инфекционные,Вирусное,Медикаментозное
571,Usher syndrome,Хронические,Грибковое,Физиотерапия
572,Lymphangiectasis,Острые,Бактериальное,Оперативное
573,Hypodermyasis,Хронические,Грибковое,Оперативное
574,Myalgia eosinophilia associate,Острые,Вирусное,Оперативное
575,Glycogen storage disease type ,Хронические,Грибковое,Медикаментозное
576,Mental retardation dysmorphism,Хронические,Бактериальное,Физиотерапия
577,Harlequin type ichthyosis,Инфекционные,Грибковое,Физиотерапия
578,3MeToggle Me subsection3.1Mea–,Инфекционные,Грибковое,Физиотерапия
579,Sacral plexopathy,Инфекционные,Вирусное,Физиотерапия
580,Pyropoikilocytosis,Острые,Грибковое,Физиотерапия
581,Skeletal dysplasia brachydacty,Инфекционные,Вирусное,Медикаментозное
582,Polyposis skin pigmentation al,Инфекционные,Грибковое,Оперативное
583,Spinocerebellar ataxia amyotro,Инфекционные,Грибковое,Физиотерапия
584,Cataract congenital dominant n,Хронические,Бактериальное,Физиотерапия
585,Sennetsu fever,Инфекционные,Бактериальное,Медикаментозное
586,2Nat–Nav,Острые,Бактериальное,Оперативное
587,Acromegaloid facial appearance,Острые,Грибковое,Оперативное
588,Biemond syndrome type 1,Острые,Вирусное,Медикаментозное
589,Progressive hearing loss stape,Инфекционные,Грибковое,Медикаментозное
590,Hypertrophic cardiomyopathy:fa,Хронические,Вирусное,Медикаментозное
591,Urea cycle enzymopathies,Острые,Вирусное,Медикаментозное
592,Tibiae bowed radial anomalies ,Хронические,Бактериальное,Физиотерапия
593,Reardon–Hall–Slaney syndrome,Хронические,Грибковое,Физиотерапия
594,Palindromic rheumatism,Острые,Бактериальное,Оперативное
595,Epiphysealis hemimelica dyspla,Инфекционные,Грибковое,Оперативное
596,"Trypanosomiasis, East African",Инфекционные,Бактериальное,Физиотерапия
597,Scapuloperoneal myopathy,Инфекционные,Бактериальное,Физиотерапия
598,Autosomal recessive axonal neu,Хронические,Бактериальное,Оперативное
599,Mental retardation progressive,Хронические,Бактериальное,Оперативное
600,Tsukahara–Kajii syndrome,Острые,Вирусное,Медикаментозное
601,SCOT deficiency,Острые,Грибковое,Медикаментозное
602,8OsToggle Os subsection8.1Ose–,Инфекционные,Грибковое,Оперативное
603,Luteinizing hormone releasing ,Инфекционные,Бактериальное,Физиотерапия
604,Optic atrophy polyneuropathy d,Хронические,Бактериальное,Физиотерапия
605,Kalyanraman syndrome,Острые,Бактериальное,Оперативное
606,Retinohepatoendocrinologic syn,Острые,Бактериальное,Медикаментозное
607,"Chromosome 11, deletion 11p",Хронические,Вирусное,Физиотерапия
608,Cataract cardiomyopathy,Инфекционные,Грибковое,Оперативное
609,Zuska's disease,Инфекционные,Вирусное,Оперативное
610,Hereditary angioedema,Хронические,Вирусное,Физиотерапия
611,Hyperprolinemia,Хронические,Вирусное,Оперативное
612,Fragoso–Cid–Garcia–Hernandez s,Инфекционные,Грибковое,Физиотерапия
613,Gender dysphoria,Хронические,Грибковое,Физиотерапия
614,Teebi–Kaurah syndrome,Инфекционные,Бактериальное,Физиотерапия
615,Fairbank disease,Инфекционные,Бактериальное,Оперативное
616,Dental caries,Острые,Вирусное,Медикаментозное
617,Midline lethal granuloma,Инфекционные,Бактериальное,Оперативное
618,2.4.4Cart,Хронические,Бактериальное,Физиотерапия
619,8Dw,Острые,Вирусное,Физиотерапия
620,Attenuated FAP,Острые,Грибковое,Оперативное
621,Endocrinopathy,Инфекционные,Грибковое,Оперативное
622,Pseudoaminopterin syndrome,Инфекционные,Вирусное,Физиотерапия
623,Idiopathic double athetosis,Хронические,Бактериальное,Физиотерапия
624,Lymphoma,Хронические,Грибковое,Оперативное
625,"Charcot–Marie–Tooth disease, n",Острые,Бактериальное,Медикаментозное
626,Miculicz syndrome,Хронические,Бактериальное,Медикаментозное
627,Postural hypotension,Инфекционные,Вирусное,Оперативное
628,Glycogen storage disease type ,Инфекционные,Грибковое,Оперативное
629,Sirenomelia,Острые,Бактериальное,Оперативное
630,"Morquio disease, type B",Хронические,Вирусное,Физиотерапия
631,Opioid-induced hyperalgesia,Острые,Грибковое,Физиотерапия
632,Ruzicka Goerz Anton syndrome,Инфекционные,Грибковое,Медикаментозное
633,Exostoses anetodermia brachyda,Острые,Грибковое,Физиотерапия
634,(Top),Инфекционные,Вирусное,Физиотерапия
635,11.2.1.1.1Pulmon,Острые,Вирусное,Оперативное
636,Hairy tongue,Острые,Грибковое,Оперативное
637,Lambert–Eaton syndrome,Хронические,Бактериальное,Медикаментозное
638,Nephrosis deafness urinary tra,Хронические,Вирусное,Медикаментозное
639,"Deafness, isolated, due to mit",Инфекционные,Вирусное,Физиотерапия
640,Premature ovarian failure,Острые,Бактериальное,Медикаментозное
641,AIDS dysmorphic syndrome,Инфекционные,Грибковое,Оперативное
642,Lymphatic neoplasm,Хронические,Бактериальное,Медикаментозное
643,LBWC - amniotic bands,Инфекционные,Вирусное,Медикаментозное
644,Hypoketonemic hypoglycemia,Инфекционные,Грибковое,Оперативное
645,Matthew–Wood syndrome,Хронические,Вирусное,Физиотерапия
646,"Chromosome 2, monosomy 2q37",Инфекционные,Грибковое,Медикаментозное
647,"Xeroderma pigmentosum, type 7",Острые,Бактериальное,Медикаментозное
648,"Bardet–Biedl syndrome, type 2",Инфекционные,Вирусное,Медикаментозное
649,Typhoid,Острые,Бактериальное,Физиотерапия
650,Yeast infection,Хронические,Вирусное,Медикаментозное
651,Hypophosphatemic rickets,Острые,Бактериальное,Физиотерапия
652,"Chromosome 1, duplication 1p21",Инфекционные,Бактериальное,Физиотерапия
653,Hallervorden–Spatz disease (re,Инфекционные,Бактериальное,Оперативное
654,Aplasia cutis congenita intest,Инфекционные,Грибковое,Физиотерапия
655,Seizures benign familial neona,Хронические,Бактериальное,Медикаментозное
656,"Chromosome 14q, terminal dupli",Инфекционные,Вирусное,Медикаментозное
657,8.6Ans–Ant,Инфекционные,Грибковое,Оперативное
658,Pub,Инфекционные,Грибковое,Оперативное
659,Porencephaly,Инфекционные,Бактериальное,Физиотерапия
660,Diphosphoglycerate mutase defi,Хронические,Грибковое,Оперативное
661,Coloboma of iris,Хронические,Бактериальное,Физиотерапия
662,Cystinosis,Острые,Вирусное,Физиотерапия
663,Pneumonia,Хронические,Грибковое,Оперативное
664,Ghose–Sachdev–Kumar syndrome,Острые,Грибковое,Оперативное
665,Arachnodactyly mental retardat,Острые,Бактериальное,Медикаментозное
666,Testes neoplasm,Инфекционные,Вирусное,Оперативное
667,Dermatopathia pigmentosa retic,Острые,Вирусное,Оперативное
668,Temtamy–Shalash syndrome,Острые,Бактериальное,Медикаментозное
669,Microcephaly,Хронические,Бактериальное,Медикаментозное
670,Microspherophakia metaphyseal ,Острые,Грибковое,Оперативное
671,Chromosome 17 trisomy,Инфекционные,Бактериальное,Медикаментозное
672,Mucormycosis,Инфекционные,Вирусное,Физиотерапия
673,Hyperlipoproteinemia type III,Острые,Вирусное,Физиотерапия
674,Epididymitis,Острые,Вирусное,Физиотерапия
675,12ArToggle Ar subsection12.1Ar,Инфекционные,Вирусное,Оперативное
676,Oral lichenoid lesions,Инфекционные,Грибковое,Оперативное
677,Mucopolysaccharidosis type II ,Острые,Вирусное,Медикаментозное
678,"Worster-Drought syndrome, also",Острые,Грибковое,Оперативное
679,Sonoda syndrome,Хронические,Грибковое,Медикаментозное
680,Astigmatism,Хронические,Бактериальное,Оперативное
681,Carbonic anhydrase II deficien,Инфекционные,Бактериальное,Медикаментозное
682,9LyToggle Ly subsection9.1Lye–,Хронические,Бактериальное,Физиотерапия
683,Dea,Хронические,Грибковое,Физиотерапия
684,Apiphobia,Хронические,Грибковое,Физиотерапия
685,Esophageal atresia,Острые,Бактериальное,Физиотерапия
686,Dentinogenesis imperfecta,Хронические,Вирусное,Медикаментозное
687,Congenital arteriovenous shunt,Острые,Вирусное,Медикаментозное
688,Diabetes mellitus type 1,Острые,Вирусное,Медикаментозное
689,Gas/bloat syndrome,Хронические,Бактериальное,Физиотерапия
690,1.1.2Macu,Острые,Вирусное,Оперативное
691,Adducted thumbs Dundar type,Хронические,Вирусное,Физиотерапия
692,Hemangioendothelioma,Острые,Бактериальное,Физиотерапия
693,Kasznica–Carlson–Coppedge synd,Инфекционные,Вирусное,Оперативное
694,Syndactyly cataract mental ret,Инфекционные,Вирусное,Медикаментозное
695,Mucosulfatidosis,Хронические,Грибковое,Физиотерапия
696,Escherichia coliinfection,Инфекционные,Бактериальное,Физиотерапия
697,Autonomic dysfunction,Острые,Грибковое,Медикаментозное
698,Idiopathic dilation cardiomyop,Инфекционные,Грибковое,Физиотерапия
699,Ectrodactyly cleft palate synd,Хронические,Бактериальное,Медикаментозное
700,"Hypobetalipoprotéinemia, famil",Инфекционные,Вирусное,Физиотерапия
701,Angiofollicular lymph hyperpla,Острые,Грибковое,Оперативное
702,Hyperphenylalaninemia due to d,Хронические,Вирусное,Оперативное
703,Chemophobia,Инфекционные,Бактериальное,Медикаментозное
704,Pulmonary fibrosis /granuloma,Инфекционные,Бактериальное,Медикаментозное
705,"Lymphoma, small cleaved-cell, ",Острые,Вирусное,Медикаментозное
706,Dent disease,Хронические,Грибковое,Физиотерапия
707,LBWC - amniotic bands,Хронические,Бактериальное,Медикаментозное
708,Aging,Хронические,Вирусное,Медикаментозное
709,Hypoglycemia,Инфекционные,Грибковое,Медикаментозное
710,Doxorubicin-induced cardiomyop,Острые,Вирусное,Физиотерапия
711,Aging,Хронические,Грибковое,Медикаментозное
712,Dysplasia epiphysealis hemimel,Острые,Бактериальное,Медикаментозное
713,Mental retardation contractura,Острые,Грибковое,Оперативное
714,Gymnophobia,Острые,Бактериальное,Медикаментозное
715,Triploid Syndrome,Хронические,Бактериальное,Физиотерапия
716,Storage pool platelet disease,Хронические,Вирусное,Оперативное
717,6.3Mor–Moy,Острые,Вирусное,Оперативное
718,Sommer–Hines syndrome,Хронические,Вирусное,Медикаментозное
719,Holmes–Collins syndrome,Хронические,Грибковое,Оперативное
720,Hypohidrotic Ectodermal Dyspla,Инфекционные,Бактериальное,Физиотерапия
721,Mental retardation X linked dy,Хронические,Грибковое,Медикаментозное
722,Lou Gehrig's disease,Хронические,Грибковое,Физиотерапия
723,"Exostoses, multiple, type 3",Инфекционные,Вирусное,Медикаментозное
724,Familial ALS with dementia,Инфекционные,Грибковое,Физиотерапия
725,Matthew–Wood syndrome,Хронические,Вирусное,Оперативное
726,Craniosynostosis cleft lip pal,Острые,Грибковое,Медикаментозное
727,Amelia facial dysmorphism,Инфекционные,Бактериальное,Физиотерапия
728,Cac–Cal,Хронические,Вирусное,Оперативное
729,Lennox–Gastaut syndrome,Острые,Бактериальное,Физиотерапия
730,Mental retardation X linked se,Острые,Вирусное,Медикаментозное
731,Myopathy mitochondrial catarac,Острые,Грибковое,Медикаментозное
732,Anti-HLA hyperimmunization,Острые,Бактериальное,Оперативное
733,Hypoplastic left heart syndrom,Острые,Вирусное,Физиотерапия
734,Acute respiratory distress syn,Инфекционные,Вирусное,Медикаментозное
735,1RaToggle Ra subsection1.1Rab–,Инфекционные,Грибковое,Физиотерапия
736,Pigment dispersion syndrome,Хронические,Бактериальное,Физиотерапия
737,Syringomyelia,Инфекционные,Бактериальное,Физиотерапия
738,"Anophthalmos, clinical",Инфекционные,Грибковое,Медикаментозное
739,Viscero-atrial heterotaxia,Хронические,Бактериальное,Физиотерапия
740,"Chromosome 4, monosomy 4q",Острые,Бактериальное,Оперативное
741,Pignata guarino syndrome,Острые,Бактериальное,Физиотерапия
742,Isaacs–Mertens syndrome,Инфекционные,Бактериальное,Оперативное
743,Progeroid syndrome De Barsy ty,Острые,Вирусное,Медикаментозное
744,Amyotrophic lateral sclerosis,Инфекционные,Бактериальное,Оперативное
745,Ascariasis,Инфекционные,Грибковое,Оперативное
746,Herpes zoster oticus,Хронические,Бактериальное,Оперативное
747,Teeth noneruption of with maxi,Инфекционные,Грибковое,Медикаментозное
748,Familial polyposis,Инфекционные,Вирусное,Оперативное
749,Roy–Maroteaux–Kremp syndrome,Острые,Грибковое,Физиотерапия
750,Hypotrichosis,Острые,Бактериальное,Физиотерапия
751,Creeping disease,Хронические,Грибковое,Физиотерапия
752,Mesodermal defects lower type,Хронические,Вирусное,Физиотерапия
753,Spastic paraplegia mental reta,Хронические,Бактериальное,Медикаментозное
754,Schraderman's disease,Хронические,Бактериальное,Медикаментозное
755,3.1Vil–Vis,Инфекционные,Грибковое,Медикаментозное
756,Polyarteritis,Инфекционные,Вирусное,Медикаментозное
757,Silent sinus syndrome,Острые,Бактериальное,Физиотерапия
758,Chronic lymphocytic leukemia,Инфекционные,Грибковое,Медикаментозное
759,Brachydactyly preaxial hallux ,Острые,Грибковое,Оперативное
760,Leprosy,Инфекционные,Бактериальное,Физиотерапия
761,Chromhidrosis,Острые,Бактериальное,Оперативное
762,Hereditary carnitine deficienc,Хронические,Вирусное,Оперативное
763,Nocardiosis,Острые,Бактериальное,Оперативное
764,8.3Ani–Ank,Острые,Вирусное,Оперативное
765,Glycogenosis type III,Инфекционные,Бактериальное,Оперативное
766,Prognathism dominant,Инфекционные,Вирусное,Оперативное
767,Der(22)t(8;22)(q24.1;q11.1) sy,Инфекционные,Бактериальное,Медикаментозное
768,12.3Art12.3.1Arte12.3.2Arth,Острые,Бактериальное,Оперативное
769,Syncopal tachyarythmia,Острые,Вирусное,Физиотерапия
770,Midline defects recessive type,Острые,Грибковое,Оперативное
771,Enterovirus antenatal infectio,Инфекционные,Вирусное,Физиотерапия
772,Aplasia cutis congenita domina,Хронические,Грибковое,Оперативное
773,Cretinism,Инфекционные,Вирусное,Оперативное
774,Microcephaly microphthalmos bl,Острые,Вирусное,Оперативное
775,Tick-borne encephalitis,Хронические,Грибковое,Физиотерапия
776,Aksu–Stckhausen syndrome,Инфекционные,Грибковое,Физиотерапия
777,3.1.2Deal,Острые,Бактериальное,Оперативное
778,Finnish type amyloidosis,Инфекционные,Грибковое,Оперативное
779,Guizar–Vasquez–Luengas syndrom,Хронические,Бактериальное,Оперативное
780,Wilkes–Stevenson syndrome,Хронические,Вирусное,Физиотерапия
781,Dysplastic cortical hyperostos,Острые,Вирусное,Физиотерапия
782,Suriphobia,Острые,Вирусное,Медикаментозное
783,"Chromosome 9, partial trisomy ",Острые,Бактериальное,Физиотерапия
784,Holoacardius amorphus,Острые,Грибковое,Оперативное
785,Laryngeal neoplasm,Инфекционные,Бактериальное,Оперативное
786,Ohaha syndrome,Инфекционные,Вирусное,Медикаментозное
787,Schaefer–Stein–Oshman syndrome,Острые,Вирусное,Физиотерапия
788,Paramyotonia congenita of von ,Острые,Грибковое,Оперативное
789,"Hand, foot and mouth disease",Острые,Бактериальное,Медикаментозное
790,Porencephaly,Острые,Вирусное,Физиотерапия
791,Poliosophobia,Инфекционные,Грибковое,Медикаментозное
792,Myotubular myopathy,Инфекционные,Бактериальное,Оперативное
793,Granulocytopenia,Острые,Бактериальное,Физиотерапия
794,Anencephaly spina bifida X lin,Инфекционные,Грибковое,Физиотерапия
795,Hinson–Pepys disease,Острые,Вирусное,Медикаментозное
796,Shwachman syndrome,Инфекционные,Бактериальное,Оперативное
797,Sporotrichosis,Инфекционные,Бактериальное,Медикаментозное
798,4.1Sha–Shi,Инфекционные,Бактериальное,Медикаментозное
799,Thymic epithelial tumor,Хронические,Грибковое,Физиотерапия
800,Buruli ulcer,Острые,Бактериальное,Медикаментозное
801,Hyperkeratosis palmoplantar wi,Инфекционные,Грибковое,Физиотерапия
802,Sulfite oxidase deficiency,Острые,Вирусное,Медикаментозное
803,Dysharmonic skeletal maturatio,Острые,Вирусное,Физиотерапия
804,Dibasic aminoaciduria 2,Острые,Грибковое,Медикаментозное
805,Swine influenza(H1F1),Хронические,Грибковое,Оперативное
806,"Multiple endocrine neoplasia, ",Хронические,Грибковое,Физиотерапия
807,Madokoro–Ohdo–Sonoda syndrome,Хронические,Вирусное,Физиотерапия
808,Lipidosis with triglyceride st,Хронические,Грибковое,Медикаментозное
809,Richards–Rundle syndrome,Инфекционные,Грибковое,Физиотерапия
810,"GM2-gangliosidosis, B, B1, AB ",Инфекционные,Вирусное,Оперативное
811,Tièche–Jadassohn nevus,Хронические,Бактериальное,Оперативное
812,Cohen syndrome,Инфекционные,Бактериальное,Медикаментозное
813,Niemann-Pick disease type D,Хронические,Грибковое,Физиотерапия
814,11Es–Et,Хронические,Бактериальное,Медикаментозное
815,Char syndrome,Острые,Бактериальное,Физиотерапия
816,Marsden syndrome,Инфекционные,Грибковое,Оперативное
817,Ulerythema ophryogenesis,Хронические,Вирусное,Медикаментозное
818,Leukoencephalopathy palmoplant,Инфекционные,Бактериальное,Физиотерапия
819,Keratosis palmoplantaris papul,Инфекционные,Грибковое,Медикаментозное
820,1Ud–Up,Хронические,Вирусное,Медикаментозное
821,HMG CoA synthetase deficiency,Инфекционные,Бактериальное,Медикаментозное
822,HSV-2 infection,Хронические,Грибковое,Физиотерапия
823,Greenberg dysplasia,Хронические,Бактериальное,Оперативное
824,Sarcoidosis,Острые,Бактериальное,Медикаментозное
825,"Nevi flammei, familial multipl",Инфекционные,Бактериальное,Оперативное
826,"Polyposis, hamartomatous intes",Хронические,Вирусное,Оперативное
827,Anencephaly spina bifida X lin,Хронические,Грибковое,Оперативное
828,Craniofaciocervical osteoglyph,Инфекционные,Бактериальное,Оперативное
829,Loose anagen syndrome,Инфекционные,Вирусное,Оперативное
830,Gly,Хронические,Грибковое,Оперативное
831,Blepharoptosis-myopia-ectopia ,Острые,Бактериальное,Оперативное
832,Metatarsus adductus,Острые,Вирусное,Оперативное
833,Idiopathic alveolar hypoventil,Инфекционные,Бактериальное,Физиотерапия
834,Bhaskar Jagannathan syndrome,Хронические,Грибковое,Физиотерапия
835,Rudiger syndrome,Инфекционные,Вирусное,Медикаментозное
836,Autosomal recessive axonal neu,Острые,Бактериальное,Оперативное
837,Retinoschisis,Инфекционные,Бактериальное,Оперативное
838,Bell's palsy,Хронические,Вирусное,Медикаментозное
839,Leydig cells hypoplasia,Инфекционные,Бактериальное,Оперативное
840,Myelofibrosis,Хронические,Бактериальное,Медикаментозное
841,Agyria pachygyria polymicrogyr,Хронические,Бактериальное,Физиотерапия
842,Zollinger–Ellison syndrome,Инфекционные,Бактериальное,Оперативное
843,Complex 1 mitochondrial respir,Острые,Грибковое,Медикаментозное
844,Per,Хронические,Вирусное,Оперативное
845,Riley–Day syndrome,Острые,Вирусное,Физиотерапия
846,Mollica–Pavone–Antener syndrom,Инфекционные,Грибковое,Физиотерапия
847,Nakamura–Osame syndrome,Хронические,Вирусное,Оперативное
848,Acromesomelic dysplasia Campai,Инфекционные,Грибковое,Физиотерапия
849,Werner's syndrome,Инфекционные,Бактериальное,Оперативное
850,Native American myopathy,Инфекционные,Бактериальное,Физиотерапия
851,"Chromosome 19, trisomy 19q",Хронические,Грибковое,Физиотерапия
852,Holoprosencephaly ectrodactyly,Хронические,Грибковое,Физиотерапия
853,Aortic window,Хронические,Вирусное,Медикаментозное
854,Radial ray hypoplasia choanal ,Острые,Грибковое,Оперативное
855,Ada–Adi,Хронические,Грибковое,Медикаментозное
856,8.5.1.3Spong–Spont,Хронические,Вирусное,Физиотерапия
857,Nesidioblastosisof pancreas,Инфекционные,Вирусное,Оперативное
858,"Osteopetrosis, mild autosomal ",Острые,Грибковое,Физиотерапия
859,Gershinibaruch–Leibo syndrome,Хронические,Грибковое,Медикаментозное
860,Leber's disease,Острые,Вирусное,Медикаментозное
861,Suriphobia,Инфекционные,Грибковое,Оперативное
862,Epidermolysis bullosa intraepi,Инфекционные,Бактериальное,Медикаментозное
863,De Barsy syndrome,Хронические,Вирусное,Физиотерапия
864,Pili torti,Острые,Бактериальное,Физиотерапия
865,Yemenite deaf-blind hypopigmen,Инфекционные,Вирусное,Физиотерапия
866,Enchondromatosis dwarfism calf,Острые,Грибковое,Оперативное
867,Bangstad syndrome,Хронические,Грибковое,Оперативное
868,Acute necrotizing ulcerative g,Острые,Грибковое,Физиотерапия
869,Ectodermal dysplasia alopecia ,Инфекционные,Вирусное,Физиотерапия
870,Heide syndrome,Хронические,Бактериальное,Оперативное
871,Craniosynostosis Warman type,Инфекционные,Вирусное,Медикаментозное
872,Asbestosis,Хронические,Вирусное,Медикаментозное
873,"Chromosome 1, monosomy 1q4",Инфекционные,Вирусное,Медикаментозное
874,Achondrogenesis type 1A,Хронические,Бактериальное,Медикаментозное
875,Iduronate 2-sulfatase deficien,Хронические,Бактериальное,Оперативное
876,ZAP70 deficiency,Хронические,Вирусное,Оперативное
877,Copper deficiency familial ben,Острые,Грибковое,Медикаментозное
878,Pancreas divisum,Инфекционные,Бактериальное,Физиотерапия
879,Limb transversal defect cardia,Хронические,Вирусное,Медикаментозное
880,Burn–Goodship syndrome,Острые,Вирусное,Физиотерапия
881,Secernentea Infections,Хронические,Грибковое,Медикаментозное
882,Get shortened URL,Инфекционные,Грибковое,Медикаментозное
883,Tufted angioma,Острые,Вирусное,Физиотерапия
884,Rommen–Mueller–Sybert syndrome,Острые,Вирусное,Медикаментозное
885,Acromesomelic dysplasia Campai,Хронические,Грибковое,Физиотерапия
886,Gorham syndrome,Инфекционные,Вирусное,Медикаментозное
887,Cystinosis,Инфекционные,Вирусное,Оперативное
888,Hypothyroidism,Острые,Вирусное,Физиотерапия
889,Nob–Nor,Острые,Грибковое,Медикаментозное
890,Leptomeningeal capillary - ven,Инфекционные,Бактериальное,Физиотерапия
891,Loiasis,Хронические,Вирусное,Медикаментозное
892,Cerebellum agenesis hydrocepha,Хронические,Грибковое,Физиотерапия
893,Conotruncal heart malformation,Хронические,Бактериальное,Физиотерапия
894,9.2.2.1Lymph9.2.2.1.1Lympha–Ly,Острые,Вирусное,Физиотерапия
895,Anophthalia pulmonary hypoplas,Острые,Грибковое,Медикаментозное
896,Erb–Duchenne palsy,Острые,Бактериальное,Медикаментозное
897,Agnathia,Хронические,Бактериальное,Оперативное
898,Phosphoribosylpyrophosphate sy,Острые,Грибковое,Физиотерапия
899,8.1Muc–Mue,Инфекционные,Вирусное,Физиотерапия
900,Oral-facial-digital syndrome,Острые,Грибковое,Оперативное
901,Sacral defect anterior sacral ,Хронические,Бактериальное,Медикаментозное
902,Chalazion,Инфекционные,Бактериальное,Медикаментозное
903,Hereditary sensory neuropathy ,Хронические,Вирусное,Физиотерапия
904,Weaver-like syndrome,Инфекционные,Вирусное,Физиотерапия
905,Medrano Roldan syndrome,Острые,Вирусное,Оперативное
906,Focal dermal hypoplasia,Острые,Бактериальное,Медикаментозное
907,X-linked mental retardation-hy,Хронические,Бактериальное,Медикаментозное
908,"Cholestasis, progressive famil",Острые,Вирусное,Медикаментозное
909,Aberrant subclavian artery,Острые,Вирусное,Медикаментозное
910,Bruyn Scheltens syndrome,Инфекционные,Грибковое,Оперативное
911,"Leigh syndrome, French Canadia",Хронические,Грибковое,Оперативное
912,"Prolactinoma, familial",Хронические,Грибковое,Медикаментозное
913,Alar nasal cartilages coloboma,Инфекционные,Бактериальное,Медикаментозное
914,Picardi–Lassueur–Little syndro,Острые,Вирусное,Оперативное
915,Scoliosis with unilateral unse,Острые,Вирусное,Медикаментозное
916,Inhalant abuse,Хронические,Вирусное,Медикаментозное
917,Combined malonic and methylmal,Хронические,Вирусное,Оперативное
918,Caudal duplication,Острые,Бактериальное,Медикаментозное
919,Cerebral palsy,Острые,Грибковое,Медикаментозное
920,"Usher syndrome, type IB",Инфекционные,Вирусное,Медикаментозное
921,Enchondromatosis (benign),Хронические,Бактериальное,Физиотерапия
922,Eosinophilic cystitis,Инфекционные,Вирусное,Медикаментозное
923,Morquio syndrome,Инфекционные,Бактериальное,Оперативное
924,Geliphobia,Острые,Вирусное,Медикаментозное
925,Ligyrophobia,Инфекционные,Бактериальное,Оперативное
926,8.5Ano,Острые,Грибковое,Медикаментозное
927,Lymphocytes reduced or absent,Инфекционные,Грибковое,Медикаментозное
928,Konigsmark–Knox–Hussels syndro,Хронические,Вирусное,Медикаментозное
929,Fet,Хронические,Вирусное,Оперативное
930,Internal carotid agenesis,Инфекционные,Грибковое,Оперативное
931,Keratoconus posticus circumscr,Инфекционные,Бактериальное,Оперативное
932,4Ol,Инфекционные,Бактериальное,Физиотерапия
933,Pancreatic cancer,Острые,Бактериальное,Медикаментозное
934,Fanconi ichthyosis dysmorphism,Острые,Бактериальное,Физиотерапия
935,Opsismodysplasia,Хронические,Грибковое,Физиотерапия
936,Harpaxophobia,Хронические,Вирусное,Медикаментозное
937,Chronic neutropenia,Острые,Бактериальное,Медикаментозное
938,2.3Per2.3.1Peri2.3.2Perl–Pert,Хронические,Бактериальное,Медикаментозное
939,Apiphobia,Инфекционные,Бактериальное,Оперативное
940,Ectodermal dysplasia mental re,Хронические,Грибковое,Медикаментозное
941,1.2.1Face–Faci,Острые,Грибковое,Медикаментозное
942,Freeman–Sheldon syndrome,Хронические,Грибковое,Физиотерапия
943,Hereditary elliptocytosis,Инфекционные,Бактериальное,Оперативное
944,Monodactyly tetramelic,Острые,Бактериальное,Физиотерапия
945,X-linked lymphoproliferative s,Хронические,Грибковое,Физиотерапия
946,"Chromosome 2, monosomy 2p22",Хронические,Бактериальное,Физиотерапия
947,4.2.2.1Mircre,Хронические,Грибковое,Медикаментозное
948,Ectodermal dysplasia,Острые,Грибковое,Физиотерапия
949,Dermatocardioskeletal syndrome,Острые,Грибковое,Физиотерапия
950,"Sialuria, French type",Острые,Бактериальное,Оперативное
951,Ankyloblepharon filiforme adna,Хронические,Бактериальное,Физиотерапия
952,6Bj–Bk,Инфекционные,Вирусное,Медикаментозное
953,Chlamydial and gonococcal conj,Острые,Грибковое,Физиотерапия
954,"Dyserythropoietic anemia, cong",Инфекционные,Бактериальное,Физиотерапия
955,Charcot–Marie–Tooth peroneal m,Острые,Грибковое,Медикаментозное
956,Calvarial doughnut lesions-bon,Острые,Вирусное,Оперативное
957,This page was last edited on 3,Хронические,Грибковое,Оперативное
958,Testotoxicosis,Инфекционные,Грибковое,Медикаментозное
959,Carnevale–Krajewska–Fischetto ,Острые,Грибковое,Физиотерапия
960,9.8Cos–Cox,Инфекционные,Вирусное,Оперативное
961,1.1Gal–Gap,Хронические,Вирусное,Медикаментозное
962,Lymphangiectasis,Инфекционные,Бактериальное,Оперативное
963,2.1Kea–Ken,Хронические,Вирусное,Физиотерапия
964,Weber–Christian disease,Острые,Вирусное,Оперативное
965,Rei,Хронические,Грибковое,Физиотерапия
966,Delleman–Oorthuys syndrome,Хронические,Грибковое,Оперативное
967,Mad cow disease,Хронические,Грибковое,Физиотерапия
968,Pseudopolycythaemia,Инфекционные,Бактериальное,Медикаментозное
969,Onat syndrome,Острые,Вирусное,Оперативное
970,3.1Ada–Adi,Хронические,Вирусное,Медикаментозное
971,"Chromosome 6, trisomy 6p",Острые,Вирусное,Физиотерапия
972,Renal tubular acidosis progres,Инфекционные,Бактериальное,Физиотерапия
973,PARC syndrome,Хронические,Грибковое,Медикаментозное
974,Coloboma of eye lens,Хронические,Бактериальное,Медикаментозное
975,Galactokinase deficiency,Хронические,Грибковое,Физиотерапия
976,Congenital vagal hyperreflexiv,Хронические,Грибковое,Медикаментозное
977,Cornelia de Lange syndrome,Острые,Грибковое,Физиотерапия
978,Panmyelophthisis aplastic anem,Инфекционные,Вирусное,Оперативное
979,"Dementia, frontotemporal",Инфекционные,Вирусное,Медикаментозное
980,Vit,Инфекционные,Бактериальное,Медикаментозное
981,Hypoparathyroidism familial is,Инфекционные,Бактериальное,Физиотерапия
982,Winter–Harding–Hyde syndrome,Острые,Бактериальное,Оперативное
983,5.5.2.2Chron,Инфекционные,Грибковое,Медикаментозное
984,"Willebrand disease, acquired",Острые,Бактериальное,Физиотерапия
985,Isthmian coarctation,Острые,Бактериальное,Медикаментозное
986,Influenza,Хронические,Бактериальное,Физиотерапия
987,"Horton disease, juvenile",Острые,Бактериальное,Оперативное
988,Oculo-auriculo-vertebral spect,Острые,Вирусное,Физиотерапия
989,Mental retardation microcephal,Хронические,Бактериальное,Медикаментозное
990,Macroglossia dominant,Инфекционные,Вирусное,Оперативное
991,Ichthyosis microphthalmos,Инфекционные,Бактериальное,Медикаментозное
992,Fish poisoning,Инфекционные,Вирусное,Оперативное
993,5Ro,Инфекционные,Вирусное,Оперативное
994,Ovarian cancer,Хронические,Бактериальное,Оперативное
995,Anti-factor VIII autoimmunizat,Инфекционные,Грибковое,Оперативное
996,Exomphalos-macroglossia-gigant,Хронические,Грибковое,Медикаментозное
997,Harrod–Doman–Keele syndrome,Острые,Бактериальное,Физиотерапия
998,Synostosis of talus and calcan,Инфекционные,Вирусное,Медикаментозное
999,Schimke syndrome,Инфекционные,Бактериальное,Оперативное
1000,Nanism due to growth hormone r,Инфекционные,Бактериальное,Медикаментозное
