doctorSurname,doctorName,doctorSecondSurname,doctorDateOfBirthday,doctorSpeciality,doctorExperience
1,Казаков,Милен,Гурьевич,1970-01-03,Иммунолог,11
2,Горшкова,Милий,Сергеевна,1971-12-18,Ревматолог,18
3,Белов,Исидор,Харлампович,1960-08-03,Уролог,45
4,Мухина,Трофим,Евстигнеевич,1972-09-04,Педиатр,1
5,Морозова,Лаврентий,Герасимович,1986-07-25,Пульмонолог,46
6,Афанасьев,Викторин,Ааронович,1958-01-17,Ангиолог,29
7,Сафонов,Пантелеймон,Харитоновна,1993-03-20,Иммунолог,34
8,Александрова,Фотий,Якубович,1986-03-19,Нефролог,38
9,Хохлов,Милий,Анатольевна,1966-09-12,Уролог,47
10,Зыков,Лазарь,Эдуардович,1996-08-03,Гинеколог,24
11,Степанов,Родион,Якубович,1959-05-02,Эндокринолог,13
12,Жданов,Кира,Викентьевич,1988-09-05,Психотерапевт,19
13,Артемьев,Гурий,Венедиктович,1983-09-26,Офтальмолог,6
14,Королев,Леонид,Олеговна,1968-06-05,Иммунолог,48
15,Григорьева,Станимир,Борисовна,1980-06-30,Флеболог,29
16,Бурова,Еремей,Ждановна,1992-10-26,Пульмонолог,41
17,Лапин,Радован,Владленович,1977-01-24,Аллерголог,35
18,Бобылев,Тамара,Евстигнеевич,1975-05-28,Терапевт,39
19,Фомин,Захар,Владиславович,1960-08-16,Ангиолог,23
20,Быков,Дорофей,Анисимович,1964-05-22,ЛОР (отоларинголог),41
21,Игнатьев,Касьян,Борисович,1976-10-16,Гастроэнтеролог,49
22,Туров,Алексей,Арсенович,1954-06-03,Психотерапевт,26
23,Нестеров,Синклитикия,Егоровна,1983-08-09,Кардиолог,4
24,Мельников,Анжела,Фокич,1985-09-16,Невропатолог,49
25,Гордеев,Владислав,Эдгарович,1997-11-13,Психиатр,47
26,Устинов,Глафира,Дмитриевич,1973-03-09,Онколог,2
27,Денисова,Светозар,Арсеньевич,1982-02-24,Пульмонолог,35
28,Соколов,Ладислав,Адамович,1985-03-26,Травматолог,7
29,Владимиров,Лидия,Семеновна,1962-09-10,Маммолог,43
30,Кудряшов,Акулина,Владиславовна,1975-01-26,Психиатр,26
31,Пахомов,Филимон,Юрьевна,1990-07-21,Гастроэнтеролог,1
32,Мухина,Варвара,Ермолаевич,1964-01-27,Хирург,27
33,Козлова,Аверьян,Ефстафьевич,1992-12-27,Гастроэнтеролог,46
34,Гришин,Виссарион,Зиновьевич,1989-12-09,Психотерапевт,18
35,Воронова,Никифор,Владиславовна,1971-01-02,Ортопед,12
36,Ермаков,Кир,Харламович,1998-04-09,Физиотерапевт,32
37,Зайцева,Кузьма,Фомич,1997-01-23,Психотерапевт,14
38,Дроздов,Аполлинарий,Чеславович,1956-12-13,Психотерапевт,42
39,Киселева,Эмилия,Ерофеевич,1965-01-07,Ортопед,16
40,Рыбаков,Любовь,Васильевич,1994-12-19,Ревматолог,39
41,Третьяков,Эммануил,Игоревна,1993-11-04,Травматолог,18
42,Фролов,Софон,Юльевна,1959-08-16,Нарколог,2
43,Кудряшов,Виктор,Чеславович,1967-10-27,Нефролог,14
44,Гришин,Владлен,Иларионович,1973-05-15,Эндокринолог,41
45,Фомичева,Акулина,Фадеевич,1982-08-30,Нефролог,29
46,Пахомова,Конон,Захарьевич,1974-10-11,Ангиолог,4
47,Михайлова,Лора,Денисович,1970-11-02,Нефролог,14
48,Беляев,Ладимир,Юлианович,1999-08-13,Офтальмолог,14
49,Журавлева,Ипполит,Леонидовна,1965-08-07,Аллерголог,28
50,Сазонов,Лавр,Романовна,1998-03-18,Аллерголог,35
51,Степанов,Корнил,Евсеевич,1971-07-06,Ревматолог,49
52,Игнатов,Всеслав,Кузьминична,1961-06-09,Уролог,30
53,Фомичева,Гедеон,Юрьевна,1976-02-17,Травматолог,34
54,Бобылева,Григорий,Абрамович,1964-05-17,Эндокринолог,29
55,Прохоров,Любосмысл,Аксёнович,1980-03-21,Ортопед,49
56,Бурова,Юлиан,Геннадьевна,1992-09-26,Гастроэнтеролог,45
57,Гордеева,Феофан,Тихонович,1978-07-07,Гастроэнтеролог,8
58,Комарова,Аникита,Максимовна,1989-09-24,Терапевт,43
59,Калашников,Филимон,Архипович,1980-10-10,Физиотерапевт,40
60,Гурьева,Юрий,Владимировна,1990-04-11,Ангиолог,23
61,Романова,Евдокия,Арсеньевич,1996-05-26,Ревматолог,22
62,Калинин,Виталий,Феофанович,1990-08-22,Аллерголог,45
63,Карпова,Ипполит,Виленович,1976-10-30,Гематолог,11
64,Фомичева,Борис,Герасимович,1973-10-07,Флеболог,9
65,Медведев,Евдоким,Гертрудович,1959-03-07,Нарколог,37
66,Маслов,Тимофей,Альбертовна,1974-04-18,Уролог,44
67,Третьяков,Илья,Борисович,1967-02-27,Пульмонолог,16
68,Ширяева,Богдан,Богдановна,1978-03-02,Психиатр,26
69,Трофимова,Ипат,Захаровна,1969-03-16,Аллерголог,27
70,Кононов,Панфил,Георгиевич,1990-09-14,ЛОР (отоларинголог),15
71,Беспалов,Изот,Бенедиктович,1977-06-02,Пульмонолог,41
72,Яковлева,Ладислав,Александрович,1983-06-05,Педиатр,15
73,Макаров,Ладислав,Филипповна,1990-11-20,Офтальмолог,28
74,Зыкова,Ефрем,Егоровна,1970-09-18,Физиотерапевт,40
75,Елисеев,Прасковья,Терентьевич,1965-06-08,Кардиолог,23
76,Уварова,Самсон,Семеновна,1993-07-30,Уролог,45
77,Рогова,Влас,Захарьевич,1967-03-22,Стоматолог,33
78,Титов,Фортунат,Робертовна,1982-09-05,Пульмонолог,4
79,Лаврентьев,Вячеслав,Филимонович,1957-01-11,Эндокринолог,10
80,Мельников,Мартын,Васильевна,1995-06-02,Терапевт,8
81,Молчанова,Радим,Юрьевна,1957-04-04,Гинеколог,22
82,Крылова,Павел,Иосифович,1966-05-20,Гинеколог,8
83,Субботина,Фадей,Валентиновна,1993-11-16,Онколог,35
84,Сидоров,Ладимир,Елисеевич,1984-01-23,Ревматолог,35
85,Юдин,Радован,Евстигнеевич,1990-02-04,Онколог,32
86,Пономарев,Нинель,Артемовна,1958-05-06,Гинеколог,44
87,Ларионова,Милица,Анисимович,1990-10-21,Гинеколог,18
88,Филиппова,Анисим,Захаровна,1996-08-21,Психотерапевт,26
89,Антонова,Христофор,Дмитриевна,1980-04-15,Дерматолог,40
90,Субботин,Аким,Ниловна,1997-03-08,Гинеколог,41
91,Турова,Варвара,Харитоновна,1963-05-31,Хирург,22
92,Русаков,Евлампий,Евстигнеевич,1988-01-26,Ревматолог,14
93,Кузьмин,Кондрат,Федоровна,1953-12-26,Нарколог,9
94,Капустина,Радим,Ерофеевич,1985-05-19,Педиатр,6
95,Дмитриев,Станислав,Юльевна,1960-04-12,Уролог,22
96,Красильникова,Валерий,Игоревна,1968-04-24,Гастроэнтеролог,35
97,Шашкова,Алевтина,Яковлевич,1965-06-06,Травматолог,32
98,Сергеев,Аггей,Юлианович,1985-05-15,Инфекционист,20
99,Мясникова,Святополк,Степановна,1996-04-16,Ортопед,5
100,Мухин,Зинаида,Августович,1976-06-18,Пульмонолог,47
101,Жданова,Валерьян,Анатольевна,1994-11-16,Дерматолог,29
102,Степанова,Ольга,Робертовна,1992-05-26,Ангиолог,17
103,Бобылева,Савватий,Давыдович,1972-02-24,Иммунолог,16
104,Суворов,Автоном,Кузьминична,1959-11-07,Маммолог,46
105,Копылова,Валерия,Егоровна,1994-01-23,Эндокринолог,2
106,Самойлова,Алексей,Владимировна,1959-08-22,Гастроэнтеролог,33
107,Козлова,Тимофей,Богданович,1995-12-09,Гинеколог,17
108,Галкина,Вячеслав,Александровна,1998-09-12,Психотерапевт,21
109,Анисимова,Анастасия,Эдуардович,1991-11-25,Уролог,3
110,Пахомов,Тарас,Вадимовна,1954-11-01,Гастроэнтеролог,35
111,Селиверстова,Феврония,Гордеевич,1970-12-14,Психотерапевт,49
112,Герасимова,Демид,Давидович,1958-03-01,Невропатолог,23
113,Пономарев,Аркадий,Федоровна,1983-11-14,Ортопед,43
114,Чернова,Корнил,Харитонович,1959-03-10,Психотерапевт,42
115,Сидорова,Доброслав,Захаровна,1988-09-06,Кардиолог,28
116,Морозова,Федор,Бориславович,1997-04-20,Ревматолог,32
117,Медведев,Лаврентий,Кузьминична,1989-03-08,ЛОР (отоларинголог),25
118,Никитина,Сигизмунд,Антоновна,1972-07-28,Ортопед,1
119,Рогова,Архип,Эдуардовна,1995-10-10,Стоматолог,43
120,Цветков,Севастьян,Львовна,1967-10-10,Маммолог,9
121,Владимирова,Фока,Викторович,1998-07-24,Офтальмолог,23
122,Беспалова,Элеонора,Трофимович,1996-10-26,Ортопед,1
123,Селезнев,Всемил,Валентинович,1992-11-29,Нарколог,17
124,Веселова,Агап,Богданович,1994-12-01,Пульмонолог,14
125,Щербакова,Велимир,Ефремович,1991-08-14,Пульмонолог,34
126,Зайцева,Флорентин,Тимофеевна,1996-07-31,Иммунолог,47
127,Мамонтова,Никифор,Сергеевна,1958-04-16,Онколог,37
128,Карпова,Фадей,Артемьевич,1962-09-30,Кардиолог,21
129,Гордеева,Любим,Феликсович,1998-10-24,Аллерголог,17
130,Жданова,Андрон,Даниилович,1975-01-21,Нефролог,27
131,Титова,Порфирий,Фокич,1971-05-24,Ангиолог,2
132,Пахомова,Иосиф,Ефимовна,1990-09-01,Гинеколог,47
133,Овчинникова,Архип,Фролович,1957-01-13,Педиатр,9
134,Сысоева,Онуфрий,Игоревич,1973-03-02,Пульмонолог,6
135,Калашников,Август,Васильевич,1978-08-14,Ангиолог,43
136,Вишняков,Михаил,Владиленович,1967-12-06,Гастроэнтеролог,6
137,Федорова,Аверьян,Алексеевич,1972-10-02,Флеболог,6
138,Орехова,Ксения,Харитонович,1988-07-24,Иммунолог,19
139,Логинов,Илья,Мироновна,1971-02-12,Гематолог,40
140,Тетерина,Варфоломей,Трифонович,1959-01-09,Эндокринолог,45
141,Матвеева,Светозар,Харлампович,1964-11-04,Дерматолог,22
142,Белов,Терентий,Федосьевич,1986-10-29,Нарколог,33
143,Меркушев,Пимен,Якубович,1960-09-05,Флеболог,17
144,Веселов,Максимильян,Федосьевич,1994-05-11,Педиатр,17
145,Соболева,Феликс,Кирилловна,1992-01-22,Нарколог,29
146,Никонов,Панкрат,Владленович,1996-11-11,Иммунолог,40
147,Белякова,Жанна,Феликсовна,1975-06-02,Психотерапевт,26
148,Колесников,Антонин,Юльевна,1972-11-22,Маммолог,46
149,Дьячков,Ладислав,Анатольевич,1972-09-26,Аллерголог,50
150,Фадеев,Прохор,Викторович,1995-11-24,Офтальмолог,45
151,Терентьев,Агап,Гертрудович,1985-07-25,Онколог,16
152,Казакова,Федот,Ждановна,1983-02-03,Гинеколог,33
153,Капустина,Автоном,Вадимовна,1981-07-13,Психиатр,46
154,Уваров,Юлий,Ефстафьевич,1974-12-02,Аллерголог,44
155,Яковлев,Митофан,Гурьевич,1973-12-24,Эндокринолог,13
156,Исаева,Вера,Венедиктович,1973-09-28,Психиатр,1
157,Кузнецова,Дорофей,Тимофеевна,1958-11-03,Невропатолог,15
158,Быкова,Глеб,Тарасовна,1962-09-04,Нефролог,44
159,Соловьева,Руслан,Юльевич,1979-03-31,Флеболог,35
160,Богданов,Антонина,Устинович,1958-06-22,Аллерголог,25
161,Лазарева,Гедеон,Мироновна,1962-01-27,Кардиолог,3
162,Соколов,Евгений,Семеновна,1983-06-11,Гематолог,43
163,Агафонов,Трофим,Герасимович,1969-02-22,Онколог,24
164,Белозеров,Семен,Владиславович,1964-12-05,Психиатр,24
165,Степанова,Ярополк,Виленович,1960-04-27,Ангиолог,29
166,Герасимова,Устин,Власович,1968-12-30,Кардиолог,21
167,Лаврентьева,Артемий,Жанович,1992-08-30,Невропатолог,39
168,Наумова,Аникей,Архиповна,1991-08-12,Хирург,24
169,Галкин,Исидор,Антоновна,1959-03-09,Аллерголог,20
170,Кириллов,Октябрина,Альбертовна,1988-05-01,Стоматолог,2
171,Игнатов,Агафон,Давыдович,1967-09-07,Педиатр,4
172,Зимин,Марфа,Феликсовна,1956-07-02,Дерматолог,41
173,Белов,Адриан,Феодосьевич,1954-02-05,Стоматолог,22
174,Крылова,Давыд,Рудольфовна,1958-11-17,Эндокринолог,28
175,Филатов,Остромир,Ниловна,1999-05-29,Ангиолог,22
176,Богданов,Олимпий,Ильясович,1974-09-21,Нефролог,3
177,Мясников,Валентина,Иларионович,1988-08-08,Пульмонолог,15
178,Поляков,Александр,Олеговна,1965-02-19,Невропатолог,47
179,Новикова,Аскольд,Аверьянович,1986-12-15,Ревматолог,28
180,Рябов,Октябрина,Чеславович,1981-12-05,Инфекционист,26
181,Матвеева,Творимир,Романовна,1964-04-28,Инфекционист,6
182,Кириллов,Никанор,Наумовна,1961-10-25,Кардиолог,13
183,Костин,Андроник,Гаврилович,1958-06-07,Гинеколог,10
184,Панфилов,Нифонт,Харлампьевич,1970-06-23,ЛОР (отоларинголог),9
185,Котов,Дементий,Ерофеевич,1954-05-13,Ангиолог,45
186,Блинов,Зосима,Феофанович,1987-09-11,Пульмонолог,12
187,Лобанов,Владлен,Игнатьевич,1977-03-09,Флеболог,15
188,Журавлева,София,Кирилловна,1974-08-02,Стоматолог,19
189,Гришина,Синклитикия,Харитоновна,1977-10-20,Дерматолог,29
190,Владимирова,Алла,Феликсович,1970-09-14,Ортопед,50
191,Веселов,Валерьян,Васильевна,1957-12-20,Уролог,18
192,Трофимов,Богдан,Харитонович,1979-08-27,Терапевт,42
193,Пестов,Сергей,Федоровна,1955-07-02,Нарколог,20
194,Галкин,Нонна,Ивановна,1956-02-17,Флеболог,45
195,Бурова,Вячеслав,Ермолаевич,1973-04-17,Кардиолог,30
196,Кузьмина,Чеслав,Геннадьевна,1954-12-13,Нефролог,32
197,Кондратьева,Виктория,Андреевна,1987-05-23,Уролог,47
198,Жукова,Захар,Аксёнович,1992-03-25,Эндокринолог,1
199,Аксенова,Гремислав,Кузьминична,1988-05-16,Маммолог,35
200,Голубева,Леонтий,Ефремович,1954-01-19,Онколог,25
201,Костина,Валентина,Святославовна,1954-11-24,Уролог,49
202,Назарова,Гедеон,Рудольфовна,1969-03-09,Кардиолог,6
203,Вишнякова,Вероника,Владиславовна,1988-10-30,Гематолог,23
204,Маслов,Орест,Анатольевич,1977-06-22,Гастроэнтеролог,2
205,Цветкова,Иннокентий,Ефремович,1999-06-19,Уролог,44
206,Зуева,Олег,Харитонович,1973-09-01,Эндокринолог,44
207,Гришин,Эраст,Олеговна,1976-06-15,Психиатр,22
208,Васильева,Ульян,Ефремович,1989-10-22,Педиатр,49
209,Селезнев,Синклитикия,Альбертовна,1988-10-08,Нефролог,15
210,Кононова,Владислав,Теймуразович,1976-10-17,Офтальмолог,2
211,Афанасьева,Антип,Аверьянович,1969-01-13,Гастроэнтеролог,4
212,Антонова,Алла,Ефремович,1989-06-20,Аллерголог,16
213,Колобова,Касьян,Евстигнеевич,1992-04-08,Физиотерапевт,19
214,Данилов,Руслан,Захаровна,1973-08-01,Гематолог,45
215,Пахомов,Автоном,Владиленович,1954-03-30,Физиотерапевт,28
216,Пестова,Милан,Игоревич,1959-06-10,Онколог,48
217,Попов,Павел,Ануфриевич,1972-07-25,Маммолог,14
218,Аксенов,Поликарп,Богданович,1995-09-27,Гематолог,12
219,Новиков,Савелий,Ждановна,1958-12-27,Стоматолог,13
220,Зиновьев,Леонтий,Валентинович,1972-02-08,Флеболог,50
221,Капустина,Кира,Зиновьевич,1962-11-05,Иммунолог,43
222,Терентьев,Елизар,Дмитриевна,1954-11-02,Ангиолог,3
223,Рогов,Макар,Анатольевич,1980-05-09,Психиатр,7
224,Мишин,Ладислав,Яковлевич,1970-03-18,Психиатр,45
225,Агафонова,Владилен,Ерофеевич,1971-05-12,Гинеколог,18
226,Блохин,Валентина,Егорович,1961-05-28,Педиатр,3
227,Богданова,Мартын,Ефремович,1994-10-18,Психотерапевт,10
228,Шестакова,Сократ,Вячеславович,1991-12-15,Офтальмолог,27
229,Лебедев,Ярослав,Федотович,1985-08-05,Аллерголог,36
230,Боброва,Филарет,Леоновна,1990-08-01,Ортопед,31
231,Дементьева,Елена,Владиленович,1970-11-04,Хирург,41
232,Трофимова,Потап,Фомич,1997-03-12,Маммолог,34
233,Сазонов,Демьян,Леоновна,1982-03-30,Нарколог,46
234,Комаров,Ерофей,Августович,1991-10-08,Ревматолог,16
235,Сорокина,Всеволод,Игоревна,1961-04-30,Ангиолог,7
236,Соловьева,Гедеон,Фролович,1961-05-22,Кардиолог,12
237,Моисеев,Прокофий,Сергеевна,1977-05-31,Нарколог,18
238,Капустин,Милован,Вячеславовна,1986-02-16,Педиатр,29
239,Фомичев,Ким,Валерьянович,1970-11-27,Онколог,44
240,Веселов,Радим,Ерофеевич,1968-08-06,Офтальмолог,27
241,Петрова,Кондрат,Анисимович,1964-01-29,Флеболог,21
242,Кулагин,Исидор,Якубович,1975-12-21,Травматолог,42
243,Петрова,Иларион,Измаилович,1997-05-25,Терапевт,4
244,Третьякова,Аверьян,Аксёнович,1992-08-25,Терапевт,2
245,Федотов,Милица,Ерофеевич,1966-02-09,Онколог,32
246,Самсонов,Геннадий,Борисовна,1957-10-08,Маммолог,34
247,Шилов,Викентий,Денисович,1960-10-20,Стоматолог,10
248,Некрасов,Полина,Эдгарович,1969-12-07,Гастроэнтеролог,8
249,Алексеев,Милен,Яковлевич,1984-03-24,Травматолог,9
250,Захарова,Таисия,Викторовна,1969-08-25,Офтальмолог,49
251,Филиппов,Ермил,Натановна,1965-02-12,Педиатр,33
252,Пестов,Ярослав,Фёдорович,1982-08-27,Дерматолог,8
253,Гущин,Раиса,Игнатович,1971-04-25,Педиатр,34
254,Богданов,Надежда,Вениаминовна,1979-02-21,Иммунолог,11
255,Федорова,Фирс,Вилорович,1987-11-05,Аллерголог,24
256,Тетерина,Викторин,Вячеславовна,1969-10-05,ЛОР (отоларинголог),8
257,Кириллов,Евдоким,Всеволодович,1953-11-14,Эндокринолог,17
258,Козлова,Потап,Рубеновна,1966-02-21,Маммолог,8
259,Кузьмин,Никанор,Дмитриевна,1956-05-06,Стоматолог,9
260,Иванова,Александр,Жоресович,1957-07-21,Иммунолог,22
261,Соколова,Гордей,Еремеевич,1993-02-15,Невропатолог,41
262,Денисов,Галина,Евгеньевна,1988-04-01,Стоматолог,5
263,Чернова,Николай,Игоревич,1987-03-14,Психотерапевт,36
264,Константинова,Денис,Фадеевич,1977-11-29,Травматолог,30
265,Субботин,Василиса,Федоровна,1987-02-26,Маммолог,8
266,Галкина,Никита,Ануфриевич,1994-10-23,Кардиолог,45
267,Крюкова,Влас,Ильич,1987-01-11,Травматолог,12
268,Денисов,Лучезар,Геннадиевна,1987-05-25,Гинеколог,18
269,Горбунов,Ираклий,Григорьевич,1992-02-22,Психиатр,39
270,Маркова,Мир,Демидович,1980-07-07,Стоматолог,31
271,Большакова,Александра,Валерианович,1975-12-31,Психотерапевт,17
272,Кулагина,Ираклий,Михайловна,1973-08-25,Маммолог,9
273,Дорофеев,Азарий,Чеславович,1954-09-03,Ангиолог,5
274,Виноградова,Марина,Евгеньевна,1958-12-27,Пульмонолог,19
275,Кузнецов,Боян,Тихонович,1972-09-25,Ангиолог,33
276,Фокин,Тит,Викентьевич,1964-02-24,Гематолог,14
277,Селезнев,Всемил,Мироновна,1979-02-19,Дерматолог,46
278,Сысоева,Савва,Ильясович,1996-05-17,Эндокринолог,30
279,Блинов,Милан,Аксёнович,1978-05-22,Кардиолог,34
280,Васильева,Ульян,Юльевич,1966-02-17,Психотерапевт,24
281,Суворова,Агап,Арсенович,1972-10-15,Гинеколог,31
282,Князев,Устин,Еремеевич,1965-09-30,Маммолог,38
283,Анисимов,Никанор,Андреевич,1954-04-10,Хирург,30
284,Лапина,Наум,Брониславович,1956-10-16,Иммунолог,25
285,Волков,Азарий,Макаровна,1967-08-19,Иммунолог,27
286,Матвеев,Боян,Филатович,1958-03-05,Дерматолог,4
287,Ситников,Добромысл,Владиславовна,1985-05-21,Иммунолог,32
288,Фролова,Наркис,Никифоровна,1977-02-06,Хирург,22
289,Дьячкова,Прохор,Глебович,1981-01-05,Педиатр,24
290,Шаров,Василий,Жанович,1972-10-05,Флеболог,6
291,Цветкова,Эрнст,Олеговна,1976-12-17,ЛОР (отоларинголог),46
292,Давыдов,Агафья,Харлампович,1977-01-22,Уролог,22
293,Фадеев,Феликс,Фомич,1962-02-04,Дерматолог,15
294,Одинцова,Феофан,Эльдаровна,1973-01-29,Хирург,4
295,Данилова,Севастьян,Богдановна,1993-05-28,Эндокринолог,16
296,Боброва,Валентин,Бенедиктович,1995-09-26,Гематолог,3
297,Симонова,Синклитикия,Станиславовна,1991-02-28,Ангиолог,8
298,Дроздов,Эмилия,Якубович,1954-10-05,Аллерголог,19
299,Потапов,Никандр,Фролович,1974-01-21,Психиатр,39
300,Беляев,Агап,Давыдович,1972-08-29,Гастроэнтеролог,21
301,Макаров,Зиновий,Тимуровна,1960-03-14,Эндокринолог,15
302,Гришин,Остромир,Рудольфовна,1957-02-27,Гематолог,49
303,Родионов,Гедеон,Яковлевич,1989-04-01,Хирург,33
304,Кириллов,Нестор,Рудольфовна,1978-02-20,Физиотерапевт,47
305,Бурова,Адриан,Бориславович,1998-07-20,Нефролог,42
306,Ершова,Наина,Венедиктович,1986-09-14,Гастроэнтеролог,26
307,Панфилов,Остап,Юльевич,1960-01-08,Нарколог,34
308,Евдокимова,Ювеналий,Харитоновна,1956-10-03,Гематолог,43
309,Казаков,Евсей,Терентьевич,1977-05-05,Гинеколог,24
310,Савельева,Юлия,Арсеньевич,1972-06-15,Иммунолог,23
311,Макаров,Геннадий,Вениаминовна,1960-01-05,Психиатр,2
312,Белозеров,Эрнст,Борисовна,1974-09-19,Онколог,41
313,Фролова,Никон,Тимуровна,1994-07-14,Хирург,39
314,Давыдова,Людмила,Филиппович,1963-03-26,Флеболог,1
315,Шарапова,Каллистрат,Владимировна,1980-05-03,Педиатр,41
316,Егоров,Анжелика,Георгиевна,1982-12-25,Ортопед,45
317,Медведева,Венедикт,Устинович,1969-05-02,Офтальмолог,18
318,Вишняков,Ермил,Ждановна,1985-04-10,Ангиолог,30
319,Кузьмина,Олимпий,Теймуразович,1981-08-19,Гастроэнтеролог,10
320,Щукина,Евлампий,Антипович,1980-07-26,Пульмонолог,12
321,Русаков,Ярослав,Тихонович,1975-04-08,Нарколог,26
322,Ермакова,Сигизмунд,Геннадьевна,1955-12-18,Психотерапевт,48
323,Антонов,Севастьян,Евстигнеевич,1989-08-18,Офтальмолог,2
324,Фролов,Иларион,Яковлевич,1976-03-12,Педиатр,13
325,Гусев,Валерий,Егоровна,1960-02-03,Невропатолог,4
326,Киселев,Аггей,Георгиевич,1996-07-26,Ангиолог,22
327,Пестова,Боян,Даниилович,1983-07-30,Флеболог,2
328,Рыбаков,Олимпий,Устинович,1957-07-05,ЛОР (отоларинголог),3
329,Гущин,Надежда,Евсеевич,1957-10-16,Офтальмолог,50
330,Мартынов,Тамара,Валерьевич,1978-02-27,Офтальмолог,11
331,Уваров,Борис,Архиповна,1984-07-30,Аллерголог,5
332,Дмитриева,Спиридон,Дорофеевич,1978-11-24,Нефролог,41
333,Фокин,Ратмир,Кузьминична,1999-05-11,Педиатр,29
334,Федотова,Феофан,Борисовна,1967-07-14,Иммунолог,23
335,Новиков,Тамара,Елисеевич,1986-03-15,Пульмонолог,25
336,Мельников,Нестор,Демьянович,1964-12-18,Психиатр,49
337,Шестаков,Аполлинарий,Жоресович,1998-03-18,Маммолог,21
338,Журавлева,Евстигней,Адрианович,1977-05-28,Флеболог,16
339,Калинин,Евстафий,Артемьевич,1984-10-06,Хирург,6
340,Авдеев,Елизар,Вениаминовна,1969-09-19,Стоматолог,39
341,Лихачева,Никанор,Теймуразович,1989-05-10,Стоматолог,13
342,Горбачева,Лазарь,Тарасович,1993-04-19,ЛОР (отоларинголог),15
343,Большаков,Агата,Феликсович,1969-08-05,Физиотерапевт,14
344,Соболев,Остромир,Власович,1992-06-09,Кардиолог,37
345,Рогова,Пантелеймон,Вилорович,1964-01-25,Иммунолог,19
346,Кудрявцев,Серафим,Матвеевна,1968-08-27,Офтальмолог,31
347,Архипова,Дарья,Ефремович,1970-11-15,Невропатолог,5
348,Соловьева,Игорь,Александрович,1982-08-01,Маммолог,16
349,Артемьева,Автоном,Кузьминична,1992-05-14,Ортопед,5
350,Савельева,Ипполит,Эдгардович,1991-01-14,ЛОР (отоларинголог),34
351,Макарова,Милован,Рудольфовна,1978-06-19,Психиатр,14
352,Блинов,Самуил,Адрианович,1964-03-24,Травматолог,14
353,Брагина,Фёкла,Теймуразович,1957-12-17,Кардиолог,36
354,Бобылев,Владлен,Иларионович,1988-05-22,Нефролог,26
355,Гаврилов,Остромир,Александровна,1968-11-14,Эндокринолог,21
356,Моисеева,Нонна,Харлампьевич,1999-05-06,Невропатолог,21
357,Сазонов,Бажен,Евгеньевна,1985-05-01,Невропатолог,35
358,Максимова,Харитон,Архиповна,1962-10-02,Гастроэнтеролог,26
359,Куликова,Ефрем,Ануфриевич,1956-11-01,Ангиолог,34
360,Третьякова,София,Альбертовна,1979-03-19,Педиатр,18
361,Щербакова,Игорь,Феоктистович,1992-04-20,Стоматолог,30
362,Тарасова,Гаврила,Федосеевич,1972-10-11,Педиатр,40
363,Николаева,Регина,Богдановна,1972-08-20,Ангиолог,9
364,Калашникова,Валентин,Леонидовна,1995-05-07,Педиатр,14
365,Григорьев,Евдоким,Ильясович,1972-02-07,Пульмонолог,39
366,Щукин,Агата,Аркадьевна,1967-12-27,Ревматолог,15
367,Макарова,Ираида,Феоктистович,1963-02-06,Невропатолог,39
368,Ефимова,Флорентин,Федосьевич,1987-03-04,Онколог,1
369,Емельянова,Ерофей,Демидович,1967-12-03,Психиатр,15
370,Дьячков,Наум,Давидович,1956-04-23,Терапевт,49
371,Шарапов,Аким,Максимовна,1968-12-24,Аллерголог,30
372,Волков,Игорь,Евгеньевна,1996-09-03,Пульмонолог,38
373,Королева,Софрон,Евсеевич,1992-04-11,Травматолог,6
374,Журавлева,Анжелика,Харлампьевич,1994-05-04,Ревматолог,39
375,Белов,Радислав,Антонович,1979-12-16,Ангиолог,44
376,Емельянова,Варлаам,Дорофеевич,1992-09-28,Невропатолог,42
377,Исаков,Илья,Всеволодович,1967-09-06,Флеболог,30
378,Беспалов,Авксентий,Степановна,1987-06-09,Инфекционист,13
379,Евсеева,Парфен,Фомич,1993-04-07,Психиатр,6
380,Кузнецов,Евстафий,Арсенович,1991-03-22,Онколог,23
381,Прохорова,Никифор,Тимофеевна,1954-11-03,Педиатр,18
382,Исаева,Моисей,Александрович,1990-08-15,Невропатолог,19
383,Корнилова,Елена,Демьянович,1976-08-20,Гинеколог,32
384,Самсонов,Феоктист,Ждановна,1995-02-28,Нарколог,36
385,Рябов,Парфен,Богдановна,1980-03-13,Нарколог,47
386,Матвеев,Прокл,Валерьевич,1959-09-23,Невропатолог,29
387,Симонова,Адриан,Юльевич,1998-09-21,Онколог,8
388,Ларионов,Антип,Адрианович,1975-11-07,Нарколог,3
389,Исаков,Иннокентий,Макаровна,1999-04-28,Ортопед,13
390,Маслова,Виктор,Георгиевна,1976-08-07,Психиатр,30
391,Баранова,Анна,Архиповна,1969-07-13,Маммолог,34
392,Панова,Ярослав,Захарьевич,1982-03-29,Маммолог,9
393,Миронова,Сергей,Фомич,1990-02-10,Уролог,39
394,Павлова,Афиноген,Ильясович,1986-05-13,Ортопед,7
395,Орехова,Владлен,Феоктистович,1970-04-26,Психиатр,8
396,Мишина,Архип,Вячеславович,1996-05-15,Нефролог,14
397,Богданова,Мстислав,Дмитриевна,1959-06-25,Стоматолог,42
398,Игнатьев,Ермолай,Гавриилович,1969-12-06,Офтальмолог,27
399,Тарасов,Осип,Борисовна,1954-12-18,Хирург,1
400,Исаков,Спиридон,Анатольевна,1977-06-18,Терапевт,32
401,Нестеров,Лукьян,Натановна,1984-01-21,Нарколог,16
402,Бурова,Анатолий,Григорьевна,1975-10-15,Невропатолог,34
403,Шарова,Аполлинарий,Ануфриевич,1982-04-13,Психиатр,38
404,Кулагина,Евстафий,Ермилович,1989-04-01,Уролог,42
405,Русакова,Жанна,Фёдорович,1968-05-09,Гематолог,39
406,Лыткин,Болеслав,Ильясович,1983-11-25,Ортопед,17
407,Сафонов,Остап,Харлампович,1989-09-10,Педиатр,11
408,Максимова,Геннадий,Афанасьевич,1983-11-20,Гематолог,14
409,Калинина,Савватий,Аверьянович,1988-04-06,Иммунолог,10
410,Евдокимова,Марк,Олеговна,1994-01-21,Аллерголог,48
411,Авдеева,Афиноген,Даниилович,1983-10-24,Флеболог,30
412,Орехов,Вениамин,Еремеевич,1996-02-26,Стоматолог,9
413,Комиссаров,Мартын,Ефимовна,1970-07-24,Кардиолог,27
414,Никифоров,Фёкла,Иосифович,1970-10-04,Педиатр,18
415,Волков,Ермил,Леоновна,1982-02-09,Терапевт,32
416,Максимова,Ульян,Игнатьевич,1984-05-11,Ангиолог,20
417,Дементьев,Валерия,Артемьевич,1986-03-24,Иммунолог,37
418,Чернов,Пелагея,Леонидовна,1986-05-12,Маммолог,24
419,Кузьмин,Кира,Вадимовна,1967-05-25,Невропатолог,16
420,Игнатов,Модест,Владленович,1992-06-26,Кардиолог,31
421,Кудрявцев,Леонид,Артёмович,1958-05-30,Флеболог,50
422,Громов,Нонна,Харлампович,1979-03-04,Нарколог,40
423,Тетерина,Феоктист,Харитоновна,1979-08-14,Гематолог,3
424,Крылова,Яков,Антипович,1966-04-11,Аллерголог,15
425,Петрова,Антип,Леонидовна,1982-02-09,Ангиолог,37
426,Артемьева,Трофим,Федотович,1991-03-05,Психиатр,29
427,Харитонова,Ипатий,Федосеевич,1958-10-16,Гинеколог,3
428,Носов,Мефодий,Эльдаровна,1975-09-06,Эндокринолог,26
429,Кузнецова,Милий,Ильясович,1970-07-11,Аллерголог,30
430,Журавлева,Флорентин,Евсеевич,1962-02-12,Маммолог,28
431,Дорофеева,Эмиль,Федотович,1988-08-30,Дерматолог,50
432,Коновалова,Рюрик,Антоновна,1996-07-10,Флеболог,3
433,Шашков,Епифан,Ильинична,1970-09-16,ЛОР (отоларинголог),22
434,Кулакова,Анжела,Терентьевич,1963-12-23,Инфекционист,37
435,Блохин,Лазарь,Ярославович,1962-05-08,Нарколог,16
436,Ефремов,Севастьян,Александрович,1986-03-04,Аллерголог,32
437,Смирнов,Каллистрат,Болеславовна,1957-12-05,Травматолог,19
438,Соколова,Кондрат,Виленович,1973-07-02,Ревматолог,22
439,Киселев,Вацлав,Болеславовна,1994-03-03,Маммолог,14
440,Ларионов,Спиридон,Антонович,1975-03-15,Стоматолог,25
441,Матвеев,Феоктист,Владиславович,1968-12-30,Онколог,9
442,Мухина,Александр,Харлампович,1998-02-10,Онколог,12
443,Якушева,Прохор,Тарасович,1967-10-05,Эндокринолог,31
444,Павлова,Валентина,Анисимович,1993-02-12,Пульмонолог,24
445,Потапов,Лука,Глебович,1972-12-27,Травматолог,24
446,Комаров,Тимофей,Иосифович,1997-01-13,Пульмонолог,10
447,Мишин,Ерофей,Марсович,1997-12-22,Флеболог,23
448,Русакова,Парамон,Олеговна,1976-08-24,Терапевт,11
449,Веселова,Никандр,Исидорович,1975-11-27,Иммунолог,3
450,Воробьев,Будимир,Ааронович,1957-06-28,Маммолог,30
451,Кулагин,Вацлав,Ефимовна,1976-08-10,Ангиолог,17
452,Копылов,Татьяна,Марсович,1973-08-03,Травматолог,40
453,Сергеева,Еремей,Даниилович,1987-12-11,Аллерголог,10
454,Комарова,Данила,Фомич,1967-03-27,Гастроэнтеролог,14
455,Родионова,Наум,Бориславович,1995-05-02,Маммолог,18
456,Титов,Пелагея,Жанович,1970-08-05,Иммунолог,3
457,Нестерова,Раиса,Арсенович,1954-02-12,Аллерголог,22
458,Кулагина,Майя,Тарасович,1996-11-01,Кардиолог,2
459,Бурова,Клавдия,Гурьевич,1988-08-23,Травматолог,39
460,Терентьева,Филарет,Федосеевич,1961-09-08,Травматолог,8
461,Рожков,Денис,Валентинович,1966-01-20,Дерматолог,14
462,Юдина,Ефим,Елизарович,1997-11-16,Дерматолог,28
463,Зыкова,Святослав,Львовна,1973-10-25,Стоматолог,22
464,Третьяков,Федосий,Ниловна,1961-10-03,Пульмонолог,20
465,Кулаков,Георгий,Федоровна,1977-04-02,Хирург,49
466,Жуков,Федосий,Валентинович,1987-03-18,Аллерголог,38
467,Сидорова,Маргарита,Ермолаевич,1960-03-03,Кардиолог,21
468,Борисов,Максим,Ждановна,1967-04-18,Офтальмолог,1
469,Морозова,Корнил,Наумовна,1989-06-14,Флеболог,34
470,Костин,Михей,Аскольдовна,1955-05-21,Маммолог,49
471,Баранов,Тихон,Валентиновна,1998-12-20,Ревматолог,19
472,Поляков,Любомир,Аверьянович,1975-05-06,Психиатр,48
473,Гусева,Агафон,Романовна,1993-11-16,Гастроэнтеролог,21
474,Сазонов,Потап,Эдгарович,1986-10-17,Офтальмолог,27
475,Гущин,Аристарх,Ефимовна,1976-10-01,Эндокринолог,5
476,Никифоров,Карп,Харламович,1961-08-02,Психиатр,21
477,Карпова,Демьян,Юлианович,1991-06-02,Гинеколог,24
478,Рябова,Демьян,Валерьевич,1975-07-25,Гематолог,11
479,Шашков,Антип,Кузьминична,1998-02-01,Нарколог,35
480,Гусева,Леон,Васильевич,1995-10-07,Невропатолог,17
481,Туров,Регина,Венедиктович,1997-01-22,Флеболог,3
482,Боброва,Аверьян,Аркадьевна,1956-01-29,ЛОР (отоларинголог),15
483,Елисеева,Феликс,Эдгардович,1978-07-01,Онколог,43
484,Попова,Алла,Владиславович,1983-08-16,Гинеколог,45
485,Князева,Аверьян,Тимурович,1959-11-14,Невропатолог,13
486,Лукина,Ким,Гаврилович,1957-09-03,Хирург,31
487,Устинов,Иван,Арсенович,1981-07-20,Физиотерапевт,28
488,Ларионова,Самуил,Викентьевич,1971-11-12,Психотерапевт,18
489,Фокина,Мария,Харлампович,1981-08-03,Инфекционист,17
490,Никонов,Александр,Филатович,1983-06-22,Флеболог,29
491,Мамонтов,Клавдия,Анисимович,1969-10-09,ЛОР (отоларинголог),18
492,Логинов,Савватий,Игнатович,1954-07-03,Пульмонолог,6
493,Антонова,Владлен,Евсеевич,1984-10-01,Ортопед,21
494,Галкина,Самуил,Леоновна,1968-04-14,Психиатр,37
495,Ефремов,Агафон,Денисович,1960-07-31,Педиатр,27
496,Воронцов,Евдоким,Брониславович,1977-10-17,Инфекционист,49
497,Лебедева,Любовь,Харламович,1974-12-24,Инфекционист,42
498,Жданов,Венедикт,Давидович,1991-03-22,Гастроэнтеролог,15
499,Лихачев,Влас,Демидович,1976-07-13,Нарколог,16
500,Капустин,Ратибор,Ивановна,1963-11-26,Физиотерапевт,6
501,Белозеров,Евпраксия,Сергеевна,1977-05-24,Офтальмолог,2
502,Михеев,Иннокентий,Макаровна,1981-05-05,Офтальмолог,15
503,Ильина,Наум,Трифонович,1957-08-06,Нефролог,25
504,Уварова,Никита,Адамович,1974-12-19,Нарколог,41
505,Киселев,Лукия,Валерьянович,1977-05-16,Психиатр,9
506,Харитонова,Тамара,Ефимович,1965-07-19,Эндокринолог,29
507,Беляева,Тарас,Фокич,1975-09-26,Психиатр,7
508,Субботин,Викторин,Харитоновна,1956-11-04,Ревматолог,25
509,Кулагин,Порфирий,Вадимовна,1971-03-06,Невропатолог,33
510,Авдеев,Василий,Валерьянович,1963-01-22,Гематолог,48
511,Ермаков,Синклитикия,Александровна,1969-08-06,Психиатр,35
512,Федоров,Ладислав,Валерьянович,1992-08-25,Эндокринолог,29
513,Лапин,Ангелина,Михайловна,1968-06-15,Онколог,30
514,Крылова,Любим,Марсович,1981-02-06,Маммолог,34
515,Овчинникова,Сергей,Демьянович,1972-06-19,Гематолог,40
516,Николаева,Адриан,Валерьянович,1999-05-28,Маммолог,45
517,Пахомова,Прасковья,Артемьевич,1954-10-08,Флеболог,35
518,Беляков,Ким,Даниилович,1972-05-27,Невропатолог,48
519,Елисеев,Никифор,Игнатович,1977-12-10,Ангиолог,19
520,Мишин,Пимен,Зиновьевич,1978-08-28,Нефролог,4
521,Григорьева,Ия,Альбертовна,1992-11-30,Гинеколог,26
522,Константинова,Василиса,Викентьевич,1958-12-12,Ревматолог,29
523,Лапина,Кузьма,Георгиевич,1992-03-15,Нарколог,36
524,Сорокина,Силантий,Денисович,1980-10-03,Эндокринолог,38
525,Васильев,Твердислав,Бенедиктович,1971-02-06,Гематолог,20
526,Борисов,Прокофий,Георгиевич,1967-02-05,Психиатр,36
527,Семенова,Елисей,Иосифович,1954-06-27,Аллерголог,41
528,Калашникова,Натан,Петровна,1992-08-12,Стоматолог,31
529,Дьячков,Святополк,Давыдович,1966-03-03,Травматолог,47
530,Цветкова,Валентина,Филиппович,1974-12-07,Гинеколог,8
531,Герасимова,Владимир,Ефремович,1987-01-16,Уролог,8
532,Стрелков,Мир,Жанович,1975-02-21,Терапевт,3
533,Владимиров,Лука,Венедиктович,1977-02-06,Онколог,47
534,Кудряшова,Константин,Филиппович,1959-02-07,Гематолог,25
535,Гусев,Майя,Трифонович,1976-06-20,Хирург,29
536,Алексеева,Евпраксия,Игнатьевич,1961-04-25,Иммунолог,31
537,Мясников,Сидор,Демьянович,1988-10-16,Ревматолог,20
538,Гришин,Владислав,Феликсовна,1999-11-02,Офтальмолог,9
539,Логинова,Степан,Алексеевна,1965-12-14,Физиотерапевт,15
540,Никифорова,Марк,Оскаровна,1973-08-30,Хирург,32
541,Соболев,Евдоким,Демидович,1998-05-27,Инфекционист,46
542,Гришин,Виктория,Даниилович,1974-08-31,Эндокринолог,45
543,Уварова,Казимир,Ярославович,1981-03-15,Офтальмолог,20
544,Ситникова,Максим,Владленович,1991-05-27,Стоматолог,19
545,Боброва,Анжела,Юлианович,1997-03-01,ЛОР (отоларинголог),27
546,Афанасьев,Сидор,Павловна,1961-03-29,Флеболог,2
547,Тетерин,Полина,Архиповна,1982-07-25,Дерматолог,39
548,Афанасьева,Арсений,Дмитриевич,1975-05-27,Флеболог,37
549,Селезнев,Юлий,Ефимьевич,1997-12-21,Травматолог,2
550,Фокин,Иванна,Никифоровна,1994-08-22,Инфекционист,34
551,Кузнецов,Аскольд,Евсеевич,1996-07-07,Нарколог,30
552,Новиков,Агап,Архипович,1996-10-11,Психиатр,39
553,Осипова,Ярослав,Натановна,1998-12-21,Кардиолог,50
554,Беспалов,Нонна,Дмитриевич,1970-08-15,Ангиолог,32
555,Шубин,Виктория,Марсович,1992-07-14,Физиотерапевт,27
556,Мясников,Ратибор,Макаровна,1982-12-31,Физиотерапевт,30
557,Лукин,Устин,Наумовна,1993-12-15,Травматолог,39
558,Горбунов,Людмила,Олеговна,1986-07-03,Психиатр,37
559,Лихачева,Наум,Иосифович,1974-08-25,ЛОР (отоларинголог),40
560,Костин,Ананий,Евстигнеевич,1985-06-20,Хирург,3
561,Афанасьева,Амвросий,Антонович,1960-08-11,Стоматолог,11
562,Лобанов,Адам,Витальевич,1954-05-02,Гастроэнтеролог,41
563,Гуляева,Софрон,Кузьминична,1977-11-23,Невропатолог,40
564,Носова,Жанна,Егорович,1983-03-13,Педиатр,2
565,Федоров,Демьян,Исидорович,1969-12-10,Уролог,19
566,Медведева,Пахом,Богдановна,1984-11-15,ЛОР (отоларинголог),6
567,Горбунов,Антонина,Кузьминична,1977-09-13,Флеболог,1
568,Казакова,Ульяна,Арсенович,1995-02-01,Гематолог,48
569,Семенова,Святослав,Гордеевич,1964-12-19,Иммунолог,25
570,Гуляева,Борис,Гавриилович,1991-06-23,Педиатр,23
571,Рогов,Ладимир,Иларионович,1977-05-27,Нефролог,13
572,Дорофеева,Евгения,Афанасьевич,1994-11-06,Гематолог,5
573,Михайлова,Мокей,Константиновна,1977-02-24,Дерматолог,20
574,Константинова,Лонгин,Павловна,1974-03-08,Нефролог,42
575,Никитина,Галина,Феофанович,1981-07-23,Педиатр,40
576,Кудрявцев,Валентин,Тарасович,1970-06-09,Пульмонолог,32
577,Павлов,Аполлинарий,Якубович,1976-03-31,Эндокринолог,20
578,Герасимов,Добромысл,Архипович,1996-07-30,Онколог,9
579,Тарасов,Епифан,Егоровна,1966-12-13,Нефролог,6
580,Субботин,Натан,Вилорович,1995-01-20,ЛОР (отоларинголог),40
581,Кузнецов,Людмила,Ждановна,1967-11-12,Ортопед,19
582,Савина,Радим,Ильинична,1957-02-04,Флеболог,7
583,Попова,Игнатий,Михайловна,1963-11-10,Травматолог,3
584,Князев,Иосиф,Ярославович,1984-12-01,Дерматолог,40
585,Третьякова,Фаина,Харлампович,1977-02-02,Иммунолог,3
586,Медведева,Бажен,Александровна,1993-08-21,Ревматолог,31
587,Воронова,Панкрат,Гавриилович,1980-12-28,Гематолог,9
588,Куликов,Леон,Матвеевич,1988-09-17,Гастроэнтеролог,39
589,Жукова,Майя,Алексеевна,1963-03-07,Травматолог,43
590,Быков,Демьян,Алексеевна,1969-04-30,Ревматолог,24
591,Игнатов,Семен,Фадеевич,1965-01-19,Психотерапевт,26
592,Кузьмина,Игнатий,Авдеевич,1956-02-17,Гематолог,9
593,Орлова,Радислав,Тарасович,1972-05-21,ЛОР (отоларинголог),11
594,Мухина,Артемий,Аверьянович,1956-08-01,Терапевт,4
595,Смирнова,Якуб,Александровна,1960-06-29,Уролог,9
596,Елисеева,Остромир,Андреевич,1985-08-05,Психиатр,8
597,Анисимова,Софон,Филимонович,1997-01-28,Маммолог,32
598,Блохина,Владимир,Евсеевич,1990-12-27,Травматолог,16
599,Третьяков,Флорентин,Чеславович,1964-03-02,ЛОР (отоларинголог),31
600,Маслова,Никон,Венедиктович,1964-07-14,Маммолог,4
601,Тимофеев,Прокофий,Вениаминовна,1972-06-26,Инфекционист,1
602,Беляков,Харлампий,Игоревна,1981-12-24,Флеболог,19
603,Галкина,Казимир,Валерьевич,1970-09-04,Кардиолог,22
604,Филиппов,Ладимир,Антипович,1961-05-08,Ортопед,14
605,Жданов,Ладислав,Макаровна,1966-01-14,Аллерголог,8
606,Моисеев,Парфен,Гордеевич,1996-06-25,Стоматолог,39
607,Зимин,Тимофей,Феликсович,1996-07-09,ЛОР (отоларинголог),28
608,Гаврилов,Вера,Аскольдовна,1995-08-25,Психиатр,26
609,Карпов,Кир,Макаровна,1990-11-27,Дерматолог,34
610,Комиссарова,Будимир,Данилович,1973-02-09,Физиотерапевт,19
611,Елисеев,Павел,Ефстафьевич,1980-11-11,Физиотерапевт,19
612,Самсонов,Алексей,Трофимович,1958-04-16,Нефролог,20
613,Рыбаков,Радислав,Ефимович,1954-09-08,Офтальмолог,21
614,Доронина,Андрон,Никифоровна,1998-12-31,Онколог,34
615,Родионова,Мариан,Витальевич,1977-05-01,Дерматолог,31
616,Евдокимов,Алла,Гертрудович,1953-12-28,Стоматолог,35
617,Александрова,Мартын,Андреевна,1990-03-10,Психиатр,25
618,Третьякова,Лев,Арсенович,1998-01-09,ЛОР (отоларинголог),49
619,Шестакова,Адриан,Гурьевич,1983-07-13,Ревматолог,4
620,Кошелева,Парамон,Валерианович,1958-12-16,Нарколог,20
621,Емельянов,Устин,Федоровна,1962-10-13,Терапевт,39
622,Галкина,Касьян,Матвеевна,1972-11-15,Уролог,1
623,Петров,Андрон,Захаровна,1955-07-12,Дерматолог,23
624,Кузьмин,Ермил,Владиленович,1979-01-31,Офтальмолог,41
625,Семенова,Софон,Валерианович,1958-06-18,Психиатр,9
626,Юдина,Галина,Данилович,1995-01-09,Онколог,10
627,Савельев,Михаил,Борисович,1968-06-14,Дерматолог,38
628,Рогова,Глафира,Феликсовна,1999-08-30,Стоматолог,24
629,Молчанова,Александр,Елисеевич,1980-12-14,Травматолог,36
630,Гуляев,Людмила,Давидович,1958-01-12,Инфекционист,36
631,Симонова,Герман,Сергеевна,1987-08-27,Психотерапевт,2
632,Комиссарова,Лев,Эдуардович,1994-11-22,Педиатр,6
633,Горшков,Игнатий,Фёдорович,1973-01-23,Инфекционист,1
634,Тимофеев,Исидор,Филиппович,1974-10-18,Инфекционист,9
635,Алексеева,Евграф,Святославовна,1983-12-29,Педиатр,38
636,Романова,Мина,Яковлевна,1959-11-18,Терапевт,21
637,Большакова,Гаврила,Викторовна,1995-08-28,Маммолог,35
638,Якушева,Ратибор,Феодосьевич,1969-06-19,Инфекционист,33
639,Авдеев,Елисей,Глебович,1954-05-23,Флеболог,35
640,Прохоров,Милица,Владимировна,1997-05-15,Нарколог,12
641,Макаров,Исидор,Вячеславовна,1959-08-10,Терапевт,44
642,Филиппов,Алина,Ефимьевич,1972-02-06,Физиотерапевт,24
643,Силин,Поликарп,Эдгарович,1997-12-04,Флеболог,45
644,Авдеева,Галина,Святославовна,1954-03-11,Физиотерапевт,30
645,Селезнев,Олег,Владиславовна,1990-02-28,Нарколог,47
646,Лукин,Ювеналий,Леонидовна,1974-07-11,Физиотерапевт,29
647,Николаева,Захар,Антоновна,1964-05-07,Травматолог,35
648,Авдеев,Ратибор,Эдгардович,1975-04-28,Ортопед,34
649,Шарапов,Гурий,Антоновна,1992-05-01,Онколог,29
650,Исаев,Трифон,Жоресович,1996-05-30,Офтальмолог,6
651,Зиновьев,Савва,Даниловна,1999-07-11,Уролог,3
652,Блинов,Ювеналий,Абрамович,1990-12-18,Хирург,17
653,Полякова,Милан,Георгиевич,1972-04-04,Психиатр,47
654,Потапов,Тит,Якубович,1999-06-15,Онколог,46
655,Ширяев,Харлампий,Ильинична,1982-12-09,Дерматолог,44
656,Коновалова,Авдей,Теймуразович,1993-07-31,Уролог,13
657,Андреева,Андроник,Харитонович,1991-07-05,Стоматолог,10
658,Колобов,Аким,Жоресович,1995-10-03,Инфекционист,12
659,Силина,Добромысл,Дмитриевна,1959-07-31,Гинеколог,15
660,Щукина,Аполлон,Львовна,1963-12-31,Маммолог,40
661,Игнатова,Виктор,Чеславович,1980-09-03,Пульмонолог,33
662,Юдина,Василиса,Венедиктович,1994-06-30,Физиотерапевт,30
663,Гуляева,Тарас,Демьянович,1964-05-29,Стоматолог,26
664,Рожков,Флорентин,Эдуардович,1965-05-07,Гематолог,4
665,Гусев,Иосиф,Геннадиевич,1960-06-03,Гинеколог,24
666,Горбунова,Марк,Трифонович,1968-01-28,Педиатр,41
667,Максимов,Творимир,Павловна,1982-08-15,Ортопед,8
668,Дементьев,Евгения,Валерьевич,1972-01-17,Флеболог,34
669,Лобанов,Юлиан,Эдгардович,1981-09-20,Уролог,17
670,Мясников,Ярополк,Филиппович,1989-12-30,Флеболог,22
671,Абрамова,Лукьян,Давидович,1975-02-15,Ангиолог,9
672,Белякова,Наина,Викентьевич,1980-03-28,Стоматолог,31
673,Тихонов,Владислав,Аскольдовна,1969-12-17,Дерматолог,38
674,Комиссарова,Ирина,Федосеевич,1975-07-15,Кардиолог,10
675,Карпова,Алексей,Евгеньевна,1969-07-12,Иммунолог,48
676,Куликова,Филипп,Альбертовна,1959-06-17,Гематолог,3
677,Кононова,Елизар,Борисович,1995-11-28,Эндокринолог,36
678,Григорьева,Евгений,Аверьянович,1993-02-11,Нефролог,15
679,Исаков,Ксения,Борисович,1978-05-05,Ревматолог,9
680,Боброва,Радим,Вилорович,1955-03-28,Психотерапевт,21
681,Щербакова,Иосиф,Ефимьевич,1986-01-13,Иммунолог,47
682,Новикова,Климент,Феликсович,1969-07-10,Пульмонолог,2
683,Гусева,Андрей,Ниловна,1994-08-16,Гематолог,39
684,Жукова,Софрон,Бориславович,1964-12-16,Гематолог,12
685,Титов,Захар,Валентиновна,1982-04-14,Психиатр,21
686,Сергеева,Аггей,Терентьевич,1996-11-17,Эндокринолог,36
687,Кондратьева,Семен,Аскольдовна,1958-08-20,Дерматолог,19
688,Шубин,Фрол,Геннадиевна,1963-10-08,Терапевт,23
689,Фадеев,Евстафий,Артемовна,1955-07-15,ЛОР (отоларинголог),1
690,Шилова,Симон,Устинович,1965-09-01,Гематолог,42
691,Одинцова,Твердислав,Вадимовна,1961-06-25,Гастроэнтеролог,19
692,Молчанов,Сигизмунд,Яковлевич,1983-10-10,Гинеколог,10
693,Носова,Агата,Гаврилович,1960-07-26,Пульмонолог,22
694,Копылова,Пантелеймон,Демидович,1971-07-20,Ортопед,2
695,Туров,Афиноген,Робертовна,1992-06-10,Кардиолог,41
696,Тарасова,Эрнест,Геннадьевна,1962-03-30,Физиотерапевт,26
697,Смирнов,Алевтина,Валерьянович,1992-08-26,Стоматолог,37
698,Орлов,Агап,Ерофеевич,1977-12-26,Ангиолог,6
699,Кузнецова,Всеволод,Харитонович,1975-11-05,Педиатр,35
700,Емельянов,Якуб,Ниловна,1977-03-03,Нарколог,26
701,Суворова,Олимпиада,Денисович,1999-03-04,Физиотерапевт,27
702,Блохин,Сила,Валерьянович,1991-02-01,Аллерголог,11
703,Кондратьева,Филимон,Алексеевич,1979-03-03,Кардиолог,41
704,Ермаков,Никанор,Арсенович,1986-01-19,Нефролог,7
705,Романов,Силантий,Егоровна,1966-11-10,Психиатр,3
706,Белякова,Эраст,Ермолаевич,1999-04-26,Уролог,3
707,Шилов,Ферапонт,Богданович,1959-11-01,Офтальмолог,29
708,Самойлов,Алексей,Власович,1969-08-22,Невропатолог,48
709,Беляков,Валерьян,Венедиктович,1962-01-05,Пульмонолог,50
710,Зайцев,Спиридон,Арсеньевич,1959-07-31,Аллерголог,19
711,Никонова,Марина,Владиславович,1983-10-03,Психиатр,19
712,Тарасов,Рюрик,Филатович,1957-03-01,Инфекционист,29
713,Пестова,София,Львовна,1995-11-02,Травматолог,45
714,Попова,Светлана,Федосеевич,1968-08-29,Пульмонолог,38
715,Миронова,Иннокентий,Вадимовна,1985-08-14,Стоматолог,11
716,Дементьева,Антонина,Наумовна,1994-07-16,Травматолог,4
717,Калинина,Самуил,Филатович,1985-08-03,Инфекционист,14
718,Гуляев,Тимофей,Феликсович,1972-02-23,Психиатр,37
719,Меркушев,Леонид,Оскаровна,1969-03-28,Терапевт,48
720,Блохин,Руслан,Трифонович,1989-02-05,Гинеколог,14
721,Блохин,Тамара,Фадеевич,1993-03-02,Флеболог,19
722,Рогова,Август,Трофимович,1989-04-06,Пульмонолог,6
723,Елисеев,Викентий,Филатович,1982-11-13,Психиатр,50
724,Копылова,Мариан,Иосифович,1995-06-01,Офтальмолог,3
725,Карпова,Галактион,Димитриевич,1970-11-14,Психиатр,30
726,Харитонов,Евгения,Гурьевич,1993-12-10,Инфекционист,7
727,Гущин,Аникита,Викторович,1968-03-23,Терапевт,17
728,Артемьев,Орест,Никифоровна,1976-11-24,Хирург,33
729,Харитонов,Мирон,Феофанович,1970-09-13,Аллерголог,22
730,Попова,Михей,Евстигнеевич,1954-08-12,Аллерголог,36
731,Андреева,Фотий,Харитоновна,1989-02-05,Маммолог,24
732,Наумова,Вероника,Викентьевич,1993-05-25,Кардиолог,47
733,Тимофеева,Валентин,Ефимович,1979-09-30,Психиатр,23
734,Матвеев,Степан,Васильевна,1984-01-16,Кардиолог,23
735,Мамонтова,Иларион,Ефимовна,1967-10-13,Ортопед,12
736,Мишина,Серафим,Виленович,1959-02-04,Эндокринолог,45
737,Гуляев,Изот,Ждановна,1971-01-02,Ортопед,19
738,Красильников,Аркадий,Григорьевна,1989-08-19,Стоматолог,14
739,Корнилов,Евдокия,Викторовна,1998-04-12,Психотерапевт,48
740,Юдина,Софон,Геннадиевич,1993-05-30,Ревматолог,19
741,Суханов,Бронислав,Давидович,1971-10-07,Гастроэнтеролог,13
742,Галкина,Елизавета,Павловна,1995-04-06,Онколог,31
743,Соколова,Александр,Ануфриевич,1990-12-02,Нарколог,20
744,Баранов,Христофор,Вениаминовна,1984-04-17,ЛОР (отоларинголог),2
745,Пономарев,Будимир,Фомич,1983-09-11,Уролог,33
746,Симонова,Лев,Васильевна,1990-06-09,Физиотерапевт,41
747,Карпова,Александр,Викентьевич,1957-03-25,Психиатр,46
748,Романов,Карл,Гордеевич,1968-09-27,Физиотерапевт,41
749,Богданова,Светозар,Евсеевич,1995-06-02,Физиотерапевт,46
750,Михеев,Иван,Вячеславовна,1985-03-21,Травматолог,42
751,Корнилов,Галактион,Юлианович,1983-03-06,Аллерголог,11
752,Блохина,Всемил,Харлампович,1998-01-01,Гинеколог,26
753,Соловьева,Валерьян,Федосеевич,1986-06-22,Физиотерапевт,48
754,Белозерова,Тимофей,Елизарович,1969-05-10,Стоматолог,29
755,Русаков,Агафья,Бориславович,1981-08-19,Терапевт,50
756,Симонов,Ермил,Игоревна,1977-12-07,Травматолог,12
757,Шубин,Сергей,Львовна,1959-07-30,ЛОР (отоларинголог),38
758,Ларионов,Панфил,Тарасович,1998-05-11,Психиатр,10
759,Стрелков,Михаил,Вячеславович,1999-01-10,Кардиолог,20
760,Молчанов,Соломон,Аркадьевна,1982-05-30,Психотерапевт,22
761,Назарова,Алевтина,Анисимович,1971-06-10,Нарколог,33
762,Овчинникова,Захар,Геннадиевич,1961-07-09,Стоматолог,26
763,Калинина,Устин,Станиславовна,1972-11-12,Травматолог,41
764,Баранов,Влас,Демидович,1994-04-21,Флеболог,1
765,Калинин,Януарий,Брониславович,1999-05-14,Маммолог,50
766,Кулагин,Остромир,Игнатович,1995-08-19,ЛОР (отоларинголог),12
767,Исакова,Ирина,Матвеевич,1964-08-16,Гастроэнтеролог,1
768,Крюкова,Онуфрий,Бенедиктович,1968-12-14,Нарколог,9
769,Некрасова,Фаина,Юльевна,1994-07-26,Ангиолог,24
770,Кондратьев,Филипп,Игнатьевич,1967-03-25,Инфекционист,2
771,Яковлев,Аполлинарий,Ильич,1982-12-18,Уролог,28
772,Калинин,Вячеслав,Елизарович,1966-09-09,Терапевт,36
773,Пахомов,Клавдий,Вилорович,1967-11-16,Терапевт,7
774,Алексеева,Майя,Оскаровна,1976-07-24,Пульмонолог,40
775,Степанов,Валентина,Ильясович,1960-04-09,Гинеколог,12
776,Ковалев,Феофан,Эдуардовна,1966-08-24,Маммолог,29
777,Князев,Касьян,Дорофеевич,1979-11-02,Ревматолог,40
778,Рябов,Панкратий,Вадимовна,1959-09-30,Ортопед,50
779,Морозов,Азарий,Иосифович,1964-11-01,Дерматолог,36
780,Сергеев,Евгения,Арсеньевич,1975-02-21,Ревматолог,48
781,Самойлова,Прокофий,Алексеевна,1981-11-25,Аллерголог,39
782,Дроздова,Гурий,Бориславович,1983-11-14,Пульмонолог,44
783,Блохина,Семен,Анатольевич,1967-05-17,Аллерголог,40
784,Лукин,Стоян,Валерьевич,1994-09-24,Хирург,18
785,Виноградов,Авксентий,Михайловна,1981-10-24,Эндокринолог,22
786,Бобылев,Гордей,Даниловна,1970-02-24,Гематолог,29
787,Филиппов,Илья,Филимонович,1957-03-16,Гематолог,25
788,Федосеева,Рюрик,Тихонович,1965-11-19,Кардиолог,40
789,Горшкова,Мокей,Марсович,1965-04-21,Невропатолог,34
790,Лыткина,Милен,Руслановна,1986-09-24,Аллерголог,49
791,Ковалев,Аггей,Терентьевич,1981-09-14,Педиатр,13
792,Игнатова,Нифонт,Анатольевна,1988-05-10,Невропатолог,44
793,Родионова,Илья,Станиславовна,1972-01-29,Иммунолог,33
794,Терентьева,Аверкий,Натановна,1997-12-26,Инфекционист,11
795,Волков,Михаил,Федосеевич,1988-09-06,Ангиолог,16
796,Лукина,Лев,Юрьевна,1990-02-05,Онколог,7
797,Петрова,Александр,Леонидовна,1962-02-07,Терапевт,8
798,Смирнова,Тихон,Ефимовна,1995-09-27,Гематолог,13
799,Фадеев,Павел,Максимовна,1993-04-28,Нефролог,1
800,Соловьев,Федосий,Юльевич,1980-09-19,Невропатолог,34
801,Котова,Эдуард,Иосипович,1971-02-06,Инфекционист,31
802,Матвеева,Кондратий,Давидович,1999-01-04,Нефролог,47
803,Николаев,Тарас,Геннадиевна,1981-12-19,Ангиолог,33
804,Кондратьев,Ратмир,Венедиктович,1991-04-30,Стоматолог,33
805,Федотов,Вениамин,Брониславович,1993-01-04,Хирург,14
806,Матвеева,Ладимир,Артёмович,1963-04-13,Уролог,32
807,Ефимов,Боян,Анисимович,1968-09-28,Аллерголог,35
808,Зуева,Владислав,Демидович,1996-02-22,Дерматолог,41
809,Щукин,Аким,Фокич,1974-03-06,Нарколог,15
810,Фокин,Любовь,Виленович,1973-10-03,Иммунолог,9
811,Евдокимова,Аким,Борисовна,1987-03-30,Травматолог,36
812,Евдокимов,Мир,Ермолаевич,1964-03-21,Кардиолог,13
813,Шаров,Вячеслав,Брониславович,1996-06-11,Аллерголог,30
814,Жукова,Парфен,Вадимовна,1967-07-20,Пульмонолог,49
815,Носов,Клавдий,Васильевич,1984-08-14,Иммунолог,3
816,Панов,Поликарп,Игнатьевич,1980-02-17,Стоматолог,26
817,Осипов,Мартьян,Трифонович,1989-06-07,Ревматолог,1
818,Вишнякова,Сидор,Иосифович,1959-07-15,Ревматолог,19
819,Лапин,Валерия,Даниилович,1980-11-16,ЛОР (отоларинголог),33
820,Федосеев,Василий,Всеволодович,1955-02-28,Дерматолог,4
821,Бирюкова,Ярослав,Игоревна,1972-11-19,Травматолог,13
822,Никонова,Аполлинарий,Ждановна,1993-01-13,Инфекционист,9
823,Савин,Капитон,Ярославович,1978-06-05,Дерматолог,48
824,Семенова,Ирина,Георгиевна,1954-02-13,Гинеколог,47
825,Кондратьев,Максим,Харитонович,1966-02-13,Онколог,21
826,Пахомов,Лора,Гордеевич,1997-05-22,Эндокринолог,27
827,Герасимова,Сократ,Георгиевич,1980-03-27,Физиотерапевт,36
828,Юдина,Конон,Германович,1959-02-24,Офтальмолог,16
829,Родионов,Прасковья,Семеновна,1987-09-23,Психиатр,47
830,Юдин,Демьян,Данилович,1957-11-05,Хирург,6
831,Комаров,Петр,Трофимович,1988-03-06,Ортопед,17
832,Игнатьева,Олимпиада,Жанович,1991-09-16,Маммолог,21
833,Носкова,Зоя,Богданович,1979-06-21,Нефролог,21
834,Фомина,Гремислав,Всеволодович,1995-03-19,Гинеколог,49
835,Иванова,Прокл,Иларионович,1980-08-24,Инфекционист,16
836,Нестерова,Ефрем,Мироновна,1958-08-02,Пульмонолог,2
837,Евдокимов,Моисей,Мироновна,1957-09-25,Психотерапевт,31
838,Маслова,Агафья,Владленович,1978-01-28,Флеболог,49
839,Калинина,Ангелина,Яковлевна,1957-06-15,Уролог,28
840,Рябов,Федосий,Олеговна,1957-05-28,Психиатр,43
841,Капустин,Тамара,Елисеевич,1999-08-17,Ангиолог,29
842,Денисова,Велимир,Гаврилович,1970-06-26,Гематолог,17
843,Панфилова,Синклитикия,Терентьевич,1970-12-19,Ортопед,32
844,Рябов,Никодим,Аксёнович,1971-03-17,Гематолог,2
845,Симонова,Мартын,Артемовна,1963-06-19,Дерматолог,30
846,Лаврентьева,Василий,Афанасьевич,1956-06-21,Аллерголог,15
847,Данилова,Валерий,Кузьминична,1958-09-15,Гастроэнтеролог,14
848,Орехов,Ладислав,Вячеславович,1968-04-12,Хирург,30
849,Хохлов,Христофор,Федосеевич,1989-03-01,Эндокринолог,14
850,Рогова,Всеволод,Харитоновна,1994-01-31,Невропатолог,17
851,Корнилова,Анатолий,Устинович,1963-03-06,Нарколог,11
852,Куликова,Изяслав,Артёмович,1993-01-04,Терапевт,8
853,Кудрявцев,Геннадий,Артемьевич,1973-10-08,Невропатолог,13
854,Ефремов,Филипп,Тихонович,1958-07-03,Психотерапевт,32
855,Матвеева,Антонин,Юлианович,1978-05-13,Ревматолог,27
856,Соловьева,Кузьма,Викторович,1956-04-14,Педиатр,30
857,Терентьева,Никон,Фокич,1991-01-17,Психотерапевт,44
858,Молчанова,Борислав,Тимурович,1990-09-08,Аллерголог,42
859,Кулагина,Милан,Леонидовна,1969-11-19,Психиатр,24
860,Гаврилов,Архип,Яковлевич,1965-12-11,Нарколог,6
861,Уваров,Ладимир,Даниилович,1982-01-22,Хирург,2
862,Большаков,Капитон,Артурович,1981-05-14,Психотерапевт,38
863,Абрамова,Евгения,Данилович,1955-07-21,Нефролог,40
864,Терентьев,Нонна,Ефремович,1963-02-16,Уролог,23
865,Елисеева,Анастасия,Петровна,1985-12-09,Психотерапевт,44
866,Кулагин,Бронислав,Фадеевич,1969-12-13,Уролог,40
867,Ершов,Елизавета,Юльевич,1981-05-28,Гастроэнтеролог,8
868,Гущина,Радим,Макаровна,1999-01-25,Стоматолог,24
869,Абрамов,Гедеон,Алексеевна,1968-04-26,Психиатр,14
870,Фадеева,Полина,Арсенович,1959-02-28,ЛОР (отоларинголог),8
871,Мясников,Дементий,Гавриилович,1997-05-21,Офтальмолог,33
872,Бобылева,Сила,Трифонович,1962-08-21,Аллерголог,40
873,Воронцова,Герасим,Павловна,1994-01-28,Физиотерапевт,43
874,Жданов,Амвросий,Ждановна,1965-05-11,Инфекционист,7
875,Суханов,Аристарх,Архипович,1963-09-16,Травматолог,43
876,Баранов,Анатолий,Жанович,1983-03-15,Педиатр,32
877,Макаров,Василий,Андреевич,1990-06-22,Невропатолог,37
878,Гущин,Зинаида,Егорович,1977-09-29,Дерматолог,42
879,Носков,Изот,Вилорович,1977-06-07,Дерматолог,34
880,Зайцева,Василий,Харлампьевич,1976-07-19,Офтальмолог,6
881,Капустин,Прокофий,Марсович,1963-05-27,Гастроэнтеролог,5
882,Панфилова,Александр,Давыдович,1959-04-13,Стоматолог,10
883,Морозов,Кира,Жоресович,1966-02-07,Иммунолог,28
884,Ефремова,Демид,Глебович,1984-10-27,Аллерголог,29
885,Шубина,Гаврила,Викторовна,1974-10-21,Маммолог,34
886,Степанова,Трифон,Гавриилович,1984-08-09,Стоматолог,16
887,Пестова,Фаина,Тарасович,1991-10-27,Физиотерапевт,3
888,Зыков,Мстислав,Ильинична,1992-12-14,Онколог,7
889,Филиппова,Парамон,Романовна,1956-10-23,Кардиолог,26
890,Мясников,Карл,Феодосьевич,1969-08-03,Маммолог,39
891,Кошелев,Доброслав,Давыдович,1960-11-12,Ангиолог,33
892,Карпов,Дементий,Жанович,1972-09-14,Маммолог,18
893,Копылов,Галактион,Георгиевич,1954-01-28,Маммолог,47
894,Петрова,Гостомысл,Еремеевич,1981-03-31,Психотерапевт,24
895,Родионова,Рюрик,Анатольевна,1964-05-30,Психотерапевт,19
896,Фролов,Алла,Эдуардовна,1957-05-19,Ангиолог,22
897,Никонов,Влас,Харитонович,1986-01-11,Онколог,28
898,Журавлев,Руслан,Адрианович,1976-10-21,Травматолог,49
899,Тарасова,Исай,Алексеевич,1983-07-06,Кардиолог,31
900,Белоусова,Софон,Валерианович,1986-08-10,Педиатр,26
901,Лапина,Венедикт,Ждановна,1984-05-19,Ортопед,15
902,Голубев,Игнатий,Архиповна,1967-03-30,Невропатолог,16
903,Бобров,Арсений,Глебович,1990-05-10,Эндокринолог,29
904,Копылов,Ким,Аскольдовна,1962-07-11,Кардиолог,23
905,Андреева,Наталья,Еремеевич,1999-10-18,Нарколог,33
906,Гордеев,Фаина,Филипповна,1976-12-26,Кардиолог,11
907,Михеев,Феофан,Чеславович,1977-04-03,Гематолог,7
908,Зимин,Сократ,Изотович,1989-07-24,Психиатр,31
909,Вишняков,Симон,Геннадьевна,1959-01-03,Кардиолог,2
910,Шубин,Ратибор,Петровна,1986-02-19,Ревматолог,16
911,Гущина,Милан,Архиповна,1983-10-25,Дерматолог,32
912,Галкин,Галина,Тимуровна,1995-07-24,Ортопед,49
913,Гурьев,Агап,Сергеевна,1969-10-29,Онколог,5
914,Молчанова,Агап,Измаилович,1975-04-10,Онколог,10
915,Бобров,Панкрат,Робертовна,1970-08-05,Иммунолог,39
916,Силина,Майя,Арсеньевич,1957-01-13,Стоматолог,26
917,Абрамова,Станимир,Егорович,1988-05-26,ЛОР (отоларинголог),45
918,Зуева,Валерий,Ярославович,1969-06-07,Гинеколог,2
919,Стрелкова,Аркадий,Болеславовна,1957-11-12,Кардиолог,49
920,Третьяков,Модест,Юльевна,1960-12-04,Офтальмолог,32
921,Матвеева,Никодим,Гавриилович,1972-06-07,Пульмонолог,27
922,Красильникова,Марфа,Леонидовна,1981-05-05,Уролог,33
923,Фролова,Владимир,Петровна,1998-10-28,Гастроэнтеролог,7
924,Ильин,Влас,Яковлевич,1989-10-30,Педиатр,14
925,Рожков,Ипатий,Феодосьевич,1979-10-19,Ангиолог,13
926,Емельянова,Парфен,Тимуровна,1963-01-19,Ангиолог,26
927,Макаров,Андрей,Владленович,1999-02-13,Нарколог,16
928,Щукина,Влас,Ильинична,1979-06-10,Кардиолог,33
929,Абрамов,Ираида,Анисимович,1986-06-25,Хирург,30
930,Кудряшов,Гордей,Гурьевич,1995-09-16,Хирург,26
931,Кириллова,Климент,Владленович,1981-11-13,Травматолог,11
932,Миронова,Анатолий,Александрович,1991-04-13,Офтальмолог,40
933,Красильникова,Ипполит,Валентинович,1992-09-08,Травматолог,41
934,Третьякова,Викторин,Святославовна,1967-08-03,Гинеколог,47
935,Осипов,Дорофей,Ефимович,1961-01-13,Пульмонолог,35
936,Евсеева,Эдуард,Кирилловна,1992-10-20,Ортопед,44
937,Жукова,Святослав,Демьянович,1976-05-16,Инфекционист,48
938,Доронин,Анисим,Геннадьевна,1969-11-20,Офтальмолог,23
939,Панфилова,Ферапонт,Ааронович,1991-04-16,Кардиолог,12
940,Зайцев,Лариса,Исидорович,1981-07-31,Маммолог,35
941,Голубев,Нестор,Егорович,1976-07-20,ЛОР (отоларинголог),14
942,Архипов,Иннокентий,Вячеславович,1970-05-12,Офтальмолог,45
943,Мясников,Евфросиния,Харлампьевич,1969-03-07,Инфекционист,30
944,Щукина,Филипп,Арсенович,1988-10-12,Эндокринолог,35
945,Григорьева,Парамон,Рудольфовна,1979-05-16,Терапевт,27
946,Андреева,Леонтий,Ждановна,1991-06-02,Флеболог,10
947,Афанасьев,Святополк,Артемьевич,1982-07-19,Невропатолог,16
948,Меркушев,Евлампий,Эдуардович,1999-03-06,Маммолог,39
949,Юдина,Олимпий,Леонидовна,1997-06-06,Иммунолог,23
950,Носков,Ефим,Еремеевич,1988-12-31,Инфекционист,22
951,Пестова,Януарий,Богдановна,1974-04-11,Иммунолог,3
952,Суворов,Терентий,Борисовна,1979-12-02,Иммунолог,4
953,Авдеева,Тарас,Григорьевна,1979-02-17,Педиатр,47
954,Доронин,Максимильян,Эдуардович,1959-10-18,Нарколог,16
955,Исаева,Велимир,Дорофеевич,1975-02-01,Травматолог,20
956,Крюков,Устин,Георгиевна,1955-12-16,Эндокринолог,26
957,Якушев,Лавр,Иларионович,1954-02-15,Гинеколог,9
958,Федосеев,Леонтий,Сергеевна,1963-02-22,Уролог,27
959,Семенова,Еремей,Адрианович,1989-10-17,Ангиолог,19
960,Журавлев,Епифан,Адрианович,1982-05-09,Стоматолог,48
961,Лукин,Милан,Даниилович,1971-04-19,Флеболог,46
962,Федосеев,Симон,Валентинович,1957-08-13,Терапевт,12
963,Ширяев,Эмилия,Ефимович,1982-03-02,Гематолог,36
964,Субботин,Александра,Ивановна,1979-11-27,Стоматолог,10
965,Воронцов,Ярослав,Валериевна,1996-05-06,Маммолог,1
966,Журавлева,Агафон,Харлампович,1968-02-14,Маммолог,37
967,Назаров,Ульяна,Захаровна,1988-11-26,Кардиолог,22
968,Владимирова,Ираклий,Георгиевич,1999-11-03,Маммолог,50
969,Моисеева,Амос,Тимурович,1992-08-24,Гинеколог,31
970,Родионова,Адам,Александровна,1971-09-26,Психотерапевт,23
971,Белозеров,Иван,Сергеевна,1986-09-04,Инфекционист,28
972,Степанов,Демьян,Харлампович,1997-07-04,Ортопед,15
973,Носков,Серафим,Павловна,1990-09-23,Кардиолог,2
974,Богданов,Изот,Яковлевич,1968-04-30,Флеболог,41
975,Панов,Соломон,Аксёнович,1974-01-27,Психотерапевт,28
976,Лукин,Харитон,Захарьевич,1981-10-15,Стоматолог,21
977,Рыбакова,Эдуард,Бориславович,1981-10-25,Ангиолог,41
978,Боброва,Иванна,Бориславович,1966-06-10,Аллерголог,40
979,Королев,Мирослав,Демидович,1992-01-06,Невропатолог,29
980,Федорова,Лонгин,Яковлевич,1969-08-07,Маммолог,33
981,Константинов,Анжела,Тимуровна,1963-10-18,Уролог,11
982,Маркова,Георгий,Вячеславовна,1988-09-04,Психотерапевт,1
983,Данилов,Касьян,Фомич,1975-03-10,Ортопед,41
984,Максимов,Авдей,Матвеевич,1997-05-13,Дерматолог,22
985,Устинов,Август,Борисовна,1960-02-19,Гематолог,37
986,Осипова,Лидия,Захаровна,1990-12-30,Терапевт,30
987,Горшкова,Мартьян,Федосьевич,1980-07-17,Нарколог,16
988,Кузнецов,Мокей,Елизарович,1968-07-28,Физиотерапевт,22
989,Петухова,Эраст,Львовна,1999-07-07,Терапевт,50
990,Аксенов,Светлана,Натановна,1999-07-25,Аллерголог,20
991,Кулагин,Эрнест,Матвеевич,1970-04-26,Гематолог,17
992,Михайлов,Добромысл,Владленович,1987-09-24,Дерматолог,44
993,Колесников,Марина,Исидорович,1963-12-31,Ревматолог,25
994,Гущин,Ульяна,Георгиевна,1983-09-02,Инфекционист,35
995,Орехова,Галина,Вячеславовна,1994-12-10,Кардиолог,29
996,Сидоров,Федот,Евстигнеевич,1972-10-18,Гематолог,45
997,Сафонов,Клавдий,Иосипович,1953-11-15,Психиатр,27
998,Миронова,Ананий,Афанасьевна,1979-05-06,Ангиолог,40
999,Казакова,Никодим,Борисович,1994-04-11,Ангиолог,10
1000,Нестерова,Аполлон,Егорович,1991-12-03,Физиотерапевт,44
